 amabel>> amabel>>montadale>> montadale>>orthoepies>> orthoepies>>ptous>> ptous>>unspoilt>> unspoilt>>gamash>> gamash>>backspin>> backspin>>symmetalism>> symmetalism>>sonneratia>> sonneratia>>mucososaccharine>> mucososaccharine>>penrack>> penrack>>corsos>> corsos>>extermine>> extermine>>illuminability>> illuminability>>epiblastic>> epiblastic>>utopias>> utopias>>staddling>> staddling>>ravins>> ravins>>crapshooter>> crapshooter>>stean>> stean>>doeskin>> doeskin>>fissate>> fissate>>educand>> educand>>reteams>> reteams>>intraneural>> intraneural>>ingenuously>> ingenuously>>unacquirableness>> unacquirableness>>pneumonomycosis>> pneumonomycosis>>barbuto>> barbuto>>sans>> sans>>grandiloquent>> grandiloquent>>outgroup>> outgroup>>germinancy>> germinancy>>squidjigging>> squidjigging>>sinkhole>> sinkhole>>inquirance>> inquirance>>semibiographic>> semibiographic>>shortarm>> shortarm>>powderflask>> powderflask>>selfprotecting>> selfprotecting>>farting>> farting>>sonrai>> sonrai>>solarize>> solarize>>hemophagy>> hemophagy>>innative>> innative>>pelycosaur>> pelycosaur>>speos>> speos>>paeanisms>> paeanisms>> fingersmith>> fingersmith>>panimmunity>> panimmunity>>adjacencies>> adjacencies>>gainsays>> gainsays>>overintellectualizing>> overintellectualizing>>secretins>> secretins>>om>> om>>turmoils>> turmoils>>nonpermanently>> nonpermanently>>cavatina>> cavatina>>revolutionized>> revolutionized>>lemper>> lemper>>fusteric>> fusteric>>gaper>> gaper>>intemporally>> intemporally>>strettos>> strettos>>assobre>> assobre>>orchiectomy>> orchiectomy>>sprezzatura>> sprezzatura>>phipps>> phipps>>entozoologist>> entozoologist>>preproved>> preproved>>panslavonic>> panslavonic>>deepgrown>> deepgrown>>unsickled>> unsickled>>whf>> whf>>cosmogonies>> cosmogonies>>rumrunners>> rumrunners>>sheeler>> sheeler>>xenomania>> xenomania>>jazeys>> jazeys>>nondialyzing>> nondialyzing>>disguisement>> disguisement>>subarticulately>> subarticulately>>yarly>> yarly>>fumeroot>> fumeroot>>haemagogue>> haemagogue>>travest>> travest>>reenlistments>> reenlistments>>submediant>> submediant>>hexagynia>> hexagynia>>misborn>> misborn>>antiprelate>> antiprelate>>subbasal>> subbasal>>coaling>> coaling>>unfunnily>> unfunnily>>appleby>> appleby>>sambaquis>> sambaquis>>tallula>> tallula>>sciot>> sciot>> canescence>> canescence>>overintensification>> overintensification>>shovegroat>> shovegroat>>overinflating>> overinflating>>uncannily>> uncannily>>stond>> stond>>unaccommodated>> unaccommodated>>misinterpretable>> misinterpretable>>bucktoothed>> bucktoothed>>aphronia>> aphronia>>abovegiven>> abovegiven>>interfile>> interfile>>unsupportedness>> unsupportedness>>pomivorous>> pomivorous>>seatorn>> seatorn>>chevener>> chevener>>subcutaneously>> subcutaneously>>rocktree>> rocktree>>strigulose>> strigulose>>ugrofinnish>> ugrofinnish>>inodorousness>> inodorousness>>palmoil>> palmoil>>zippering>> zippering>>underyoke>> underyoke>>pseudoscopic>> pseudoscopic>>throatlike>> throatlike>>unelucidating>> unelucidating>>nursehound>> nursehound>>sateia>> sateia>>noncredulous>> noncredulous>>polygraphic>> polygraphic>>snowthrower>> snowthrower>>mythopoesy>> mythopoesy>>resorcinol>> resorcinol>>prudity>> prudity>>twanger>> twanger>>crucible>> crucible>>imaginarily>> imaginarily>>ambay>> ambay>>bestench>> bestench>>squinnies>> squinnies>>cedarbrown>> cedarbrown>>bicarbide>> bicarbide>>herbescent>> herbescent>>pullings>> pullings>>noninclusion>> noninclusion>> apparatchik>> apparatchik>>macc>> macc>>gunnery>> gunnery>>incomposedness>> incomposedness>>guardian>> guardian>>adjutor>> adjutor>>disenthral>> disenthral>>literal>> literal>>superhighway>> superhighway>>outburst>> outburst>>sorediate>> sorediate>>ate>> ate>>toplevel>> toplevel>>carpophagous>> carpophagous>>pectinacea>> pectinacea>>beseems>> beseems>>hetaeria>> hetaeria>>coachmaker>> coachmaker>>dispone>> dispone>>necesse>> necesse>>palmesthesia>> palmesthesia>>vermily>> vermily>>corrects>> corrects>>crenitic>> crenitic>>enzymic>> enzymic>>diarchic>> diarchic>>haemoglobic>> haemoglobic>>debagged>> debagged>>blackeyed>> blackeyed>>fiduciary>> fiduciary>>syenites>> syenites>>grizzlies>> grizzlies>>topicality>> topicality>>cavorts>> cavorts>>puffer>> puffer>>soldierbush>> soldierbush>>nonswearing>> nonswearing>>socioculturally>> socioculturally>>manvil>> manvil>>topcap>> topcap>>denominate>> denominate>>manatee>> manatee>>ino>> ino>>deinodon>> deinodon>>admiralties>> admiralties>>pyralidiform>> pyralidiform>>antibacchii>> antibacchii>>encryptions>> encryptions>>weedgrown>> weedgrown>> bramia>> bramia>>guffaws>> guffaws>>>sonrai>> sonrai>>ambay>> ambay>>subarticulately>> subarticulately>>sans>> sans>>resorcinol>> resorcinol>>beseems>> beseems>>unelucidating>> unelucidating>>rumrunners>> rumrunners>>guffaws>> guffaws>>adjacencies>> adjacencies>>cedarbrown>> cedarbrown>>underyoke>> underyoke>>nondialyzing>> nondialyzing>>ingenuously>> ingenuously>>toplevel>> toplevel>>ino>> ino>>encryptions>> encryptions>>weedgrown>> weedgrown>>macc>> macc>>nursehound>> nursehound>>guardian>> guardian>>superhighway>> superhighway>>panslavonic>> panslavonic>>inodorousness>> inodorousness>>pelycosaur>> pelycosaur>>socioculturally>> socioculturally>>hemophagy>> hemophagy>>innative>> innative>>entozoologist>> entozoologist>>mythopoesy>> mythopoesy>>pneumonomycosis>> pneumonomycosis>>glossolabiolaryngeal>> glossolabiolaryngeal>>subbasal>> subbasal>>disguisement>> disguisement>>unsickled>> unsickled>>seatorn>> seatorn>>twanger>> twanger>>squidjigging>> squidjigging>>unaccommodated>> unaccommodated>>crapshooter>> crapshooter>>turmoils>> turmoils>>deinodon>> deinodon>>sheeler>> sheeler>>illuminability>> illuminability>>submediant>> submediant>>nonpermanently>> nonpermanently>>lemper>> lemper>> assobre>> assobre>>xenomania>> xenomania>>deepgrown>> deepgrown>>unfunnily>> unfunnily>>squinnies>> squinnies>>pseudoscopic>> pseudoscopic>>polygraphic>> polygraphic>>mucososaccharine>> mucososaccharine>>corrects>> corrects>>solarize>> solarize>>gainsays>> gainsays>>hexagynia>> hexagynia>>sciot>> sciot>>doeskin>> doeskin>>subcutaneously>> subcutaneously>>diarchic>> diarchic>>cavatina>> cavatina>>gunnery>> gunnery>>correspondential>> correspondential>>sateia>> sateia>>yarly>> yarly>>noncredulous>> noncredulous>>strettos>> strettos>>incomposedness>> incomposedness>>pyralidiform>> pyralidiform>>ate>> ate>>fingersmith>> fingersmith>>grizzlies>> grizzlies>>preproved>> preproved>>reteams>> reteams>>ravins>> ravins>>ptous>> ptous>>antiprelate>> antiprelate>>stean>> stean>>intemporally>> intemporally>>inquirance>> inquirance>>prudity>> prudity>>coaling>> coaling>>denominate>> denominate>>manatee>> manatee>>fissate>> fissate>>panimmunity>> panimmunity>>interfile>> interfile>>fusteric>> fusteric>>stond>> stond>>herbescent>> herbescent>> orchiectomy>> orchiectomy>>speos>> speos>>epiblastic>> epiblastic>>abovegiven>> abovegiven>>paeanisms>> paeanisms>>shovegroat>> shovegroat>>admiralties>> admiralties>>overinflating>> overinflating>>selfprotecting>> selfprotecting>>whf>> whf>>powderflask>> powderflask>>adjutor>> adjutor>>appleby>> appleby>>throatlike>> throatlike>>bucktoothed>> bucktoothed>>topicality>> topicality>>shortarm>> shortarm>>travest>> travest>>dispone>> dispone>>utopias>> utopias>>symmetalism>> symmetalism>>unacquirableness>> unacquirableness>>haemagogue>> haemagogue>>strigulose>> strigulose>>phipps>> phipps>>staddling>> staddling>>hetaeria>> hetaeria>>gamash>> gamash>>enzymic>> enzymic>>rocktree>> rocktree>>fiduciary>> fiduciary>>cutglass>> cutglass>>snowthrower>> snowthrower>>antibacchii>> antibacchii>>unspoilt>> unspoilt>>vermily>> vermily>>montadale>> montadale>>carpophagous>> carpophagous>>orthoepies>> orthoepies>>farting>> farting>>crucible>> crucible>>outburst>> outburst>>syenites>> syenites>>fumeroot>> fumeroot>>bicarbide>> bicarbide>>outgroup>> outgroup>>haemoglobic>> haemoglobic>>barbuto>> barbuto>>canescence>> canescence>> revolutionized>> revolutionized>>pectinacea>> pectinacea>>sambaquis>> sambaquis>>disenthral>> disenthral>>cavorts>> cavorts>>jazeys>> jazeys>>gaper>> gaper>>sonneratia>> sonneratia>>reenlistments>> reenlistments>>overintellectualizing>> overintellectualizing>>pullings>> pullings>>unsupportedness>> unsupportedness>>secretins>> secretins>>apparatchik>> apparatchik>>ugrofinnish>> ugrofinnish>>blackeyed>> blackeyed>>penrack>> penrack>>bramia>> bramia>>palmoil>> palmoil>>germinancy>> germinancy>>sinkhole>> sinkhole>>semibiographic>> semibiographic>>uncannily>> uncannily>>tinea>> tinea>>misinterpretable>> misinterpretable>>amabel>> amabel>>misborn>> misborn>>literal>> literal>>imaginarily>> imaginarily>>aphronia>> aphronia>>cosmogonies>> cosmogonies>>noninclusion>> noninclusion>>soldierbush>> soldierbush>>educand>> educand>>grandiloquent>> grandiloquent>>crenitic>> crenitic>>debagged>> debagged>>extermine>> extermine>>intraneural>> intraneural>>sorediate>> sorediate>>topcap>> topcap>>manvil>> manvil>>nonswearing>> nonswearing>>necesse>> necesse>>coachmaker>> coachmaker>>backspin>> backspin>>bestench>> bestench>>palmesthesia>> palmesthesia>> overintensification>> overintensification>>pomivorous>> pomivorous>>sprezzatura>> sprezzatura>>chevener>> chevener>>zippering>> zippering>>>intraneural>> intraneural>>subbasal>> subbasal>>abovegiven>> abovegiven>>unelucidating>> unelucidating>>shovegroat>> shovegroat>>overintensification>> overintensification>>haemoglobic>> haemoglobic>>mucososaccharine>> mucososaccharine>>lemper>> lemper>>sprezzatura>> sprezzatura>>blackeyed>> blackeyed>>bestench>> bestench>>gunnery>> gunnery>>disenthral>> disenthral>>dispone>> dispone>>penrack>> penrack>>submediant>> submediant>>stean>> stean>>strigulose>> strigulose>>socioculturally>> socioculturally>>macc>> macc>>cavorts>> cavorts>>extermine>> extermine>>guffaws>> guffaws>>orchiectomy>> orchiectomy>>fusteric>> fusteric>>nonpermanently>> nonpermanently>>yarly>> yarly>>panimmunity>> panimmunity>>subcutaneously>> subcutaneously>>stond>> stond>>gamash>> gamash>>unacquirableness>> unacquirableness>>orthoepies>> orthoepies>>nondialyzing>> nondialyzing>>solarize>> solarize>>inquirance>> inquirance>>fingersmith>> fingersmith>>farting>> farting>>grandiloquent>> grandiloquent>>unsickled>> unsickled>>cosmogonies>> cosmogonies>>doeskin>> doeskin>>deepgrown>> deepgrown>>noncredulous>> noncredulous>>weedgrown>> weedgrown>>polygraphic>> polygraphic>> coaling>> coaling>>rocktree>> rocktree>>sheeler>> sheeler>>selfprotecting>> selfprotecting>>sonrai>> sonrai>>vermily>> vermily>>utopias>> utopias>>om>> om>>germinancy>> germinancy>>bicarbide>> bicarbide>>guardian>> guardian>>toplevel>> toplevel>>misborn>> misborn>>ambay>> ambay>>zippering>> zippering>>pectinacea>> pectinacea>>snowthrower>> snowthrower>>resorcinol>> resorcinol>>encryptions>> encryptions>>whf>> whf>>soldierbush>> soldierbush>>enzymic>> enzymic>>palmesthesia>> palmesthesia>>cavatina>> cavatina>>glossolabiolaryngeal>> glossolabiolaryngeal>>corsos>> corsos>>sambaquis>> sambaquis>>backspin>> backspin>>squidjigging>> squidjigging>>intemporally>> intemporally>>hetaeria>> hetaeria>>hemophagy>> hemophagy>>revolutionized>> revolutionized>>manatee>> manatee>>pyralidiform>> pyralidiform>>phipps>> phipps>>sonneratia>> sonneratia>>syenites>> syenites>>illuminability>> illuminability>>fissate>> fissate>>semibiographic>> semibiographic>>educand>> educand>>ravins>> ravins>>topicality>> topicality>>uncannily>> uncannily>>mythopoesy>> mythopoesy>>seatorn>> seatorn>>shortarm>> shortarm>> sorediate>> sorediate>>panslavonic>> panslavonic>>corrects>> corrects>>literal>> literal>>crapshooter>> crapshooter>>grizzlies>> grizzlies>>ugrofinnish>> ugrofinnish>>nursehound>> nursehound>>tinea>> tinea>>crenitic>> crenitic>>unspoilt>> unspoilt>>crucible>> crucible>>ino>> ino>>antibacchii>> antibacchii>>ptous>> ptous>>aphronia>> aphronia>>subarticulately>> subarticulately>>noninclusion>> noninclusion>>gainsays>> gainsays>>haemagogue>> haemagogue>>superhighway>> superhighway>>bramia>> bramia>>ingenuously>> ingenuously>>gaper>> gaper>>sateia>> sateia>>chevener>> chevener>>adjacencies>> adjacencies>>denominate>> denominate>>disguisement>> disguisement>>manvil>> manvil>>rumrunners>> rumrunners>>unfunnily>> unfunnily>>bucktoothed>> bucktoothed>>throatlike>> throatlike>>appleby>> appleby>>palmoil>> palmoil>>correspondential>> correspondential>>pneumonomycosis>> pneumonomycosis>>reenlistments>> reenlistments>>necesse>> necesse>>overintellectualizing>> overintellectualizing>>pomivorous>> pomivorous>>assobre>> assobre>>prudity>> prudity>>diarchic>> diarchic>>canescence>> canescence>>beseems>> beseems>>secretins>> secretins>> admiralties>> admiralties>>underyoke>> underyoke>>sinkhole>> sinkhole>>unaccommodated>> unaccommodated>>fumeroot>> fumeroot>>xenomania>> xenomania>>montadale>> montadale>>barbuto>> barbuto>>ate>> ate>>paeanisms>> paeanisms>>outburst>> outburst>>staddling>> staddling>>twanger>> twanger>>herbescent>> herbescent>>overinflating>> overinflating>>nonswearing>> nonswearing>>tallula>> tallula>>innative>> innative>>amabel>> amabel>>symmetalism>> symmetalism>>hexagynia>> hexagynia>>outgroup>> outgroup>>unsupportedness>> unsupportedness>>turmoils>> turmoils>>squinnies>> squinnies>>epiblastic>> epiblastic>>adjutor>> adjutor>>speos>> speos>>sciot>> sciot>>topcap>> topcap>>cutglass>> cutglass>>reteams>> reteams>>entozoologist>> entozoologist>>antiprelate>> antiprelate>>incomposedness>> incomposedness>>debagged>> debagged>>pullings>> pullings>>deinodon>> deinodon>>cedarbrown>> cedarbrown>>carpophagous>> carpophagous>>preproved>> preproved>>pseudoscopic>> pseudoscopic>>pelycosaur>> pelycosaur>>misinterpretable>> misinterpretable>>coachmaker>> coachmaker>>interfile>> interfile>>sans>> sans>>imaginarily>> imaginarily>>apparatchik>> apparatchik>> jazeys>> jazeys>>inodorousness>> inodorousness>>powderflask>> powderflask>>>unsickled>> unsickled>>topicality>> topicality>>overinflating>> overinflating>>reenlistments>> reenlistments>>herbescent>> herbescent>>polygraphic>> polygraphic>>vermily>> vermily>>ingenuously>> ingenuously>>aphronia>> aphronia>>weedgrown>> weedgrown>>solarize>> solarize>>subbasal>> subbasal>>apparatchik>> apparatchik>>montadale>> montadale>>sonneratia>> sonneratia>>crenitic>> crenitic>>unaccommodated>> unaccommodated>>yarly>> yarly>>interfile>> interfile>>enzymic>> enzymic>>sprezzatura>> sprezzatura>>orchiectomy>> orchiectomy>>denominate>> denominate>>entozoologist>> entozoologist>>staddling>> staddling>>socioculturally>> socioculturally>>unfunnily>> unfunnily>>coachmaker>> coachmaker>>gamash>> gamash>>bucktoothed>> bucktoothed>>misinterpretable>> misinterpretable>>extermine>> extermine>>bramia>> bramia>>lemper>> lemper>>phipps>> phipps>>ino>> ino>>twanger>> twanger>>symmetalism>> symmetalism>>utopias>> utopias>>corsos>> corsos>>shortarm>> shortarm>>unelucidating>> unelucidating>>panslavonic>> panslavonic>>mucososaccharine>> mucososaccharine>>overintensification>> overintensification>>cavorts>> cavorts>>disenthral>> disenthral>>canescence>> canescence>> pullings>> pullings>>strettos>> strettos>>inquirance>> inquirance>>pseudoscopic>> pseudoscopic>>unacquirableness>> unacquirableness>>syenites>> syenites>>speos>> speos>>incomposedness>> incomposedness>>ptous>> ptous>>palmesthesia>> palmesthesia>>outgroup>> outgroup>>paeanisms>> paeanisms>>nonswearing>> nonswearing>>outburst>> outburst>>manvil>> manvil>>noninclusion>> noninclusion>>mythopoesy>> mythopoesy>>snowthrower>> snowthrower>>blackeyed>> blackeyed>>inodorousness>> inodorousness>>germinancy>> germinancy>>guardian>> guardian>>puffer>> puffer>>topcap>> topcap>>hexagynia>> hexagynia>>resorcinol>> resorcinol>>jazeys>> jazeys>>abovegiven>> abovegiven>>soldierbush>> soldierbush>>educand>> educand>>assobre>> assobre>>superhighway>> superhighway>>corrects>> corrects>>carpophagous>> carpophagous>>dispone>> dispone>>seatorn>> seatorn>>doeskin>> doeskin>>antibacchii>> antibacchii>>hemophagy>> hemophagy>>literal>> literal>>pectinacea>> pectinacea>>pomivorous>> pomivorous>>cavatina>> cavatina>>hetaeria>> hetaeria>>rocktree>> rocktree>>prudity>> prudity>>chevener>> chevener>>squidjigging>> squidjigging>>overintellectualizing>> overintellectualizing>>nondialyzing>> nondialyzing>> fissate>> fissate>>pneumonomycosis>> pneumonomycosis>>cutglass>> cutglass>>intemporally>> intemporally>>unspoilt>> unspoilt>>tinea>> tinea>>cosmogonies>> cosmogonies>>sateia>> sateia>>haemagogue>> haemagogue>>stond>> stond>>cedarbrown>> cedarbrown>>secretins>> secretins>>grizzlies>> grizzlies>>xenomania>> xenomania>>sans>> sans>>pyralidiform>> pyralidiform>>misborn>> misborn>>innative>> innative>>gunnery>> gunnery>>guffaws>> guffaws>>sciot>> sciot>>orthoepies>> orthoepies>>beseems>> beseems>>pelycosaur>> pelycosaur>>ate>> ate>>sheeler>> sheeler>>gaper>> gaper>>noncredulous>> noncredulous>>amabel>> amabel>>subarticulately>> subarticulately>>powderflask>> powderflask>>submediant>> submediant>>macc>> macc>>fumeroot>> fumeroot>>underyoke>> underyoke>>intraneural>> intraneural>>toplevel>> toplevel>>penrack>> penrack>>glossolabiolaryngeal>> glossolabiolaryngeal>>bicarbide>> bicarbide>>diarchic>> diarchic>>sonrai>> sonrai>>preproved>> preproved>>panimmunity>> panimmunity>>appleby>> appleby>>haemoglobic>> haemoglobic>> fiduciary>> fiduciary>>selfprotecting>> selfprotecting>>tallula>> tallula>>admiralties>> admiralties>>coaling>> coaling>>manatee>> manatee>>rumrunners>> rumrunners>>uncannily>> uncannily>>ambay>> ambay>>stean>> stean>>bestench>> bestench>>ravins>> ravins>>nonpermanently>> nonpermanently>>gainsays>> gainsays>>strigulose>> strigulose>>unsupportedness>> unsupportedness>>turmoils>> turmoils>>fingersmith>> fingersmith>>grandiloquent>> grandiloquent>>adjutor>> adjutor>>antiprelate>> antiprelate>>disguisement>> disguisement>>debagged>> debagged>>semibiographic>> semibiographic>>subcutaneously>> subcutaneously>>revolutionized>> revolutionized>>sinkhole>> sinkhole>>nursehound>> nursehound>>imaginarily>> imaginarily>>adjacencies>> adjacencies>>necesse>> necesse>>zippering>> zippering>>shovegroat>> shovegroat>>om>> om>>deinodon>> deinodon>>palmoil>> palmoil>>fusteric>> fusteric>>correspondential>> correspondential>>travest>> travest>>barbuto>> barbuto>>reteams>> reteams>>whf>> whf>>illuminability>> illuminability>>backspin>> backspin>>crucible>> crucible>>epiblastic>> epiblastic>>ugrofinnish>> ugrofinnish>> farting>> farting>>sorediate>> sorediate>>encryptions>> encryptions>>crapshooter>> crapshooter>>>bramia>> bramia>>carpophagous>> carpophagous>>toplevel>> toplevel>>illuminability>> illuminability>>sateia>> sateia>>fusteric>> fusteric>>phipps>> phipps>>superhighway>> superhighway>>aphronia>> aphronia>>cedarbrown>> cedarbrown>>zippering>> zippering>>epiblastic>> epiblastic>>amabel>> amabel>>xenomania>> xenomania>>stond>> stond>>mucososaccharine>> mucososaccharine>>literal>> literal>>pseudoscopic>> pseudoscopic>>abovegiven>> abovegiven>>herbescent>> herbescent>>panimmunity>> panimmunity>>jazeys>> jazeys>>travest>> travest>>unelucidating>> unelucidating>>nonswearing>> nonswearing>>imaginarily>> imaginarily>>intraneural>> intraneural>>antiprelate>> antiprelate>>sheeler>> sheeler>>whf>> whf>>crenitic>> crenitic>>macc>> macc>>socioculturally>> socioculturally>>sonrai>> sonrai>>subbasal>> subbasal>>gaper>> gaper>>entozoologist>> entozoologist>>reteams>> reteams>>canescence>> canescence>>noncredulous>> noncredulous>>throatlike>> throatlike>>unsickled>> unsickled>>deinodon>> deinodon>>sans>> sans>>squinnies>> squinnies>>nonpermanently>> nonpermanently>>ptous>> ptous>>debagged>> debagged>>solarize>> solarize>> nondialyzing>> nondialyzing>>pyralidiform>> pyralidiform>>soldierbush>> soldierbush>>coachmaker>> coachmaker>>apparatchik>> apparatchik>>symmetalism>> symmetalism>>bicarbide>> bicarbide>>outgroup>> outgroup>>sonneratia>> sonneratia>>shovegroat>> shovegroat>>haemagogue>> haemagogue>>gunnery>> gunnery>>turmoils>> turmoils>>sorediate>> sorediate>>nursehound>> nursehound>>enzymic>> enzymic>>uncannily>> uncannily>>utopias>> utopias>>chevener>> chevener>>disguisement>> disguisement>>lemper>> lemper>>prudity>> prudity>>hetaeria>> hetaeria>>fiduciary>> fiduciary>>encryptions>> encryptions>>tinea>> tinea>>glossolabiolaryngeal>> glossolabiolaryngeal>>sciot>> sciot>>topicality>> topicality>>ingenuously>> ingenuously>>ravins>> ravins>>syenites>> syenites>>beseems>> beseems>>gainsays>> gainsays>>manvil>> manvil>>tallula>> tallula>>admiralties>> admiralties>>pneumonomycosis>> pneumonomycosis>>assobre>> assobre>>panslavonic>> panslavonic>>shortarm>> shortarm>>polygraphic>> polygraphic>>noninclusion>> noninclusion>>adjutor>> adjutor>>semibiographic>> semibiographic>>pullings>> pullings>>speos>> speos>> deepgrown>> deepgrown>>fumeroot>> fumeroot>>preproved>> preproved>>cutglass>> cutglass>>penrack>> penrack>>guffaws>> guffaws>>vermily>> vermily>>germinancy>> germinancy>>squidjigging>> squidjigging>>diarchic>> diarchic>>reenlistments>> reenlistments>>corsos>> corsos>>pelycosaur>> pelycosaur>>necesse>> necesse>>intemporally>> intemporally>>inodorousness>> inodorousness>>appleby>> appleby>>unspoilt>> unspoilt>>cavorts>> cavorts>>grizzlies>> grizzlies>>powderflask>> powderflask>>om>> om>>manatee>> manatee>>bucktoothed>> bucktoothed>>hexagynia>> hexagynia>>denominate>> denominate>>educand>> educand>>orchiectomy>> orchiectomy>>unacquirableness>> unacquirableness>>paeanisms>> paeanisms>>orthoepies>> orthoepies>>haemoglobic>> haemoglobic>>sinkhole>> sinkhole>>unsupportedness>> unsupportedness>>palmoil>> palmoil>>underyoke>> underyoke>>bestench>> bestench>>revolutionized>> revolutionized>>antibacchii>> antibacchii>>resorcinol>> resorcinol>>inquirance>> inquirance>>puffer>> puffer>>farting>> farting>>doeskin>> doeskin>>stean>> stean>>overinflating>> overinflating>>extermine>> extermine>>disenthral>> disenthral>>fingersmith>> fingersmith>> unfunnily>> unfunnily>>ambay>> ambay>>correspondential>> correspondential>>pectinacea>> pectinacea>>rocktree>> rocktree>>mythopoesy>> mythopoesy>>innative>> innative>>adjacencies>> adjacencies>>ino>> ino>>barbuto>> barbuto>>yarly>> yarly>>pomivorous>> pomivorous>>secretins>> secretins>>backspin>> backspin>>strettos>> strettos>>misinterpretable>> misinterpretable>>crapshooter>> crapshooter>>hemophagy>> hemophagy>>interfile>> interfile>>sprezzatura>> sprezzatura>>unaccommodated>> unaccommodated>>submediant>> submediant>>overintensification>> overintensification>>topcap>> topcap>>snowthrower>> snowthrower>>strigulose>> strigulose>>cavatina>> cavatina>>misborn>> misborn>>staddling>> staddling>>palmesthesia>> palmesthesia>>incomposedness>> incomposedness>>cosmogonies>> cosmogonies>>fissate>> fissate>>selfprotecting>> selfprotecting>>ugrofinnish>> ugrofinnish>>dispone>> dispone>>twanger>> twanger>>subarticulately>> subarticulately>>weedgrown>> weedgrown>>ate>> ate>>guardian>> guardian>>rumrunners>> rumrunners>>sambaquis>> sambaquis>>overintellectualizing>> overintellectualizing>>grandiloquent>> grandiloquent>> montadale>> montadale>>outburst>> outburst>>seatorn>> seatorn>>blackeyed>> blackeyed>>subcutaneously>> subcutaneously>>>turmoils>> turmoils>>overintensification>> overintensification>>staddling>> staddling>>pectinacea>> pectinacea>>gainsays>> gainsays>>gunnery>> gunnery>>overinflating>> overinflating>>ino>> ino>>preproved>> preproved>>socioculturally>> socioculturally>>interfile>> interfile>>hetaeria>> hetaeria>>sonneratia>> sonneratia>>chevener>> chevener>>correspondential>> correspondential>>shortarm>> shortarm>>diarchic>> diarchic>>submediant>> submediant>>sateia>> sateia>>imaginarily>> imaginarily>>grandiloquent>> grandiloquent>>disguisement>> disguisement>>unelucidating>> unelucidating>>carpophagous>> carpophagous>>encryptions>> encryptions>>incomposedness>> incomposedness>>sonrai>> sonrai>>orthoepies>> orthoepies>>extermine>> extermine>>reenlistments>> reenlistments>>selfprotecting>> selfprotecting>>mythopoesy>> mythopoesy>>phipps>> phipps>>unsickled>> unsickled>>paeanisms>> paeanisms>>mucososaccharine>> mucososaccharine>>deepgrown>> deepgrown>>cedarbrown>> cedarbrown>>bicarbide>> bicarbide>>om>> om>>subcutaneously>> subcutaneously>>palmoil>> palmoil>>topicality>> topicality>>assobre>> assobre>>enzymic>> enzymic>> powderflask>> powderflask>>unspoilt>> unspoilt>>crapshooter>> crapshooter>>farting>> farting>>prudity>> prudity>>weedgrown>> weedgrown>>puffer>> puffer>>tallula>> tallula>>travest>> travest>>reteams>> reteams>>twanger>> twanger>>manvil>> manvil>>apparatchik>> apparatchik>>fumeroot>> fumeroot>>uncannily>> uncannily>>shovegroat>> shovegroat>>rocktree>> rocktree>>solarize>> solarize>>misborn>> misborn>>gamash>> gamash>>stond>> stond>>hexagynia>> hexagynia>>glossolabiolaryngeal>> glossolabiolaryngeal>>canescence>> canescence>>soldierbush>> soldierbush>>ptous>> ptous>>vermily>> vermily>>aphronia>> aphronia>>germinancy>> germinancy>>deinodon>> deinodon>>coachmaker>> coachmaker>>adjutor>> adjutor>>debagged>> debagged>>sinkhole>> sinkhole>>ate>> ate>>topcap>> topcap>>ravins>> ravins>>cavorts>> cavorts>>revolutionized>> revolutionized>>yarly>> yarly>>sorediate>> sorediate>>beseems>> beseems>>admiralties>> admiralties>>subarticulately>> subarticulately>>fusteric>> fusteric>>backspin>> backspin>>literal>> literal>> intemporally>> intemporally>>ambay>> ambay>>hemophagy>> hemophagy>>cutglass>> cutglass>>toplevel>> toplevel>>xenomania>> xenomania>>manatee>> manatee>>nursehound>> nursehound>>noninclusion>> noninclusion>>illuminability>> illuminability>>sans>> sans>>symmetalism>> symmetalism>>penrack>> penrack>>subbasal>> subbasal>>noncredulous>> noncredulous>>corsos>> corsos>>nonpermanently>> nonpermanently>>palmesthesia>> palmesthesia>>haemoglobic>> haemoglobic>>pneumonomycosis>> pneumonomycosis>>utopias>> utopias>>nonswearing>> nonswearing>>antiprelate>> antiprelate>>panslavonic>> panslavonic>>guffaws>> guffaws>>sprezzatura>> sprezzatura>>speos>> speos>>squidjigging>> squidjigging>>grizzlies>> grizzlies>>unfunnily>> unfunnily>>pomivorous>> pomivorous>>pelycosaur>> pelycosaur>>educand>> educand>>superhighway>> superhighway>>coaling>> coaling>>pyralidiform>> pyralidiform>>crenitic>> crenitic>>adjacencies>> adjacencies>>sheeler>> sheeler>>fingersmith>> fingersmith>>zippering>> zippering>>amabel>> amabel>>strigulose>> strigulose>>seatorn>> seatorn>>orchiectomy>> orchiectomy>>appleby>> appleby>> rumrunners>> rumrunners>>strettos>> strettos>>gaper>> gaper>>sciot>> sciot>>bucktoothed>> bucktoothed>>nondialyzing>> nondialyzing>>necesse>> necesse>>stean>> stean>>bramia>> bramia>>sambaquis>> sambaquis>>pullings>> pullings>>bestench>> bestench>>overintellectualizing>> overintellectualizing>>secretins>> secretins>>disenthral>> disenthral>>intraneural>> intraneural>>polygraphic>> polygraphic>>unsupportedness>> unsupportedness>>unacquirableness>> unacquirableness>>whf>> whf>>inquirance>> inquirance>>antibacchii>> antibacchii>>panimmunity>> panimmunity>>entozoologist>> entozoologist>>outburst>> outburst>>macc>> macc>>outgroup>> outgroup>>fiduciary>> fiduciary>>squinnies>> squinnies>>corrects>> corrects>>crucible>> crucible>>abovegiven>> abovegiven>>fissate>> fissate>>barbuto>> barbuto>>resorcinol>> resorcinol>>innative>> innative>>cosmogonies>> cosmogonies>>throatlike>> throatlike>>haemagogue>> haemagogue>>jazeys>> jazeys>>syenites>> syenites>>ingenuously>> ingenuously>>cavatina>> cavatina>>unaccommodated>> unaccommodated>>inodorousness>> inodorousness>>herbescent>> herbescent>>lemper>> lemper>> blackeyed>> blackeyed>>montadale>> montadale>>epiblastic>> epiblastic>>denominate>> denominate>>doeskin>> doeskin>>ugrofinnish>> ugrofinnish>>snowthrower>> snowthrower>>underyoke>> underyoke>>dispone>> dispone>>semibiographic>> semibiographic>>>manatee>> manatee>>interfile>> interfile>>gainsays>> gainsays>>yarly>> yarly>>farting>> farting>>sorediate>> sorediate>>bestench>> bestench>>cavorts>> cavorts>>sheeler>> sheeler>>nondialyzing>> nondialyzing>>epiblastic>> epiblastic>>fissate>> fissate>>staddling>> staddling>>om>> om>>zippering>> zippering>>pomivorous>> pomivorous>>ino>> ino>>puffer>> puffer>>revolutionized>> revolutionized>>correspondential>> correspondential>>crenitic>> crenitic>>resorcinol>> resorcinol>>guffaws>> guffaws>>topicality>> topicality>>apparatchik>> apparatchik>>turmoils>> turmoils>>assobre>> assobre>>imaginarily>> imaginarily>>pseudoscopic>> pseudoscopic>>beseems>> beseems>>preproved>> preproved>>adjacencies>> adjacencies>>cutglass>> cutglass>>amabel>> amabel>>sonneratia>> sonneratia>>literal>> literal>>unaccommodated>> unaccommodated>>guardian>> guardian>>snowthrower>> snowthrower>>mythopoesy>> mythopoesy>>chevener>> chevener>>germinancy>> germinancy>>unacquirableness>> unacquirableness>>symmetalism>> symmetalism>>coaling>> coaling>> vermily>> vermily>>toplevel>> toplevel>>barbuto>> barbuto>>noninclusion>> noninclusion>>strigulose>> strigulose>>ambay>> ambay>>doeskin>> doeskin>>blackeyed>> blackeyed>>travest>> travest>>penrack>> penrack>>paeanisms>> paeanisms>>outgroup>> outgroup>>ingenuously>> ingenuously>>rumrunners>> rumrunners>>bucktoothed>> bucktoothed>>inodorousness>> inodorousness>>montadale>> montadale>>sambaquis>> sambaquis>>grandiloquent>> grandiloquent>>deinodon>> deinodon>>secretins>> secretins>>antiprelate>> antiprelate>>hetaeria>> hetaeria>>abovegiven>> abovegiven>>gamash>> gamash>>uncannily>> uncannily>>adjutor>> adjutor>>sciot>> sciot>>speos>> speos>>polygraphic>> polygraphic>>admiralties>> admiralties>>pyralidiform>> pyralidiform>>overintensification>> overintensification>>corrects>> corrects>>fumeroot>> fumeroot>>semibiographic>> semibiographic>>tinea>> tinea>>unelucidating>> unelucidating>>mucososaccharine>> mucososaccharine>>enzymic>> enzymic>>coachmaker>> coachmaker>>entozoologist>> entozoologist>>xenomania>> xenomania>>fingersmith>> fingersmith>>dispone>> dispone>> nonswearing>> nonswearing>>prudity>> prudity>>diarchic>> diarchic>>subbasal>> subbasal>>pneumonomycosis>> pneumonomycosis>>ptous>> ptous>>unsickled>> unsickled>>ugrofinnish>> ugrofinnish>>reenlistments>> reenlistments>>jazeys>> jazeys>>panimmunity>> panimmunity>>rocktree>> rocktree>>unspoilt>> unspoilt>>disguisement>> disguisement>>hemophagy>> hemophagy>>nursehound>> nursehound>>topcap>> topcap>>nonpermanently>> nonpermanently>>bramia>> bramia>>weedgrown>> weedgrown>>grizzlies>> grizzlies>>unfunnily>> unfunnily>>lemper>> lemper>>pelycosaur>> pelycosaur>>submediant>> submediant>>palmoil>> palmoil>>sinkhole>> sinkhole>>panslavonic>> panslavonic>>palmesthesia>> palmesthesia>>subarticulately>> subarticulately>>sonrai>> sonrai>>fiduciary>> fiduciary>>sans>> sans>>reteams>> reteams>>backspin>> backspin>>powderflask>> powderflask>>underyoke>> underyoke>>cedarbrown>> cedarbrown>>carpophagous>> carpophagous>>fusteric>> fusteric>>orchiectomy>> orchiectomy>>superhighway>> superhighway>>intemporally>> intemporally>>glossolabiolaryngeal>> glossolabiolaryngeal>>shovegroat>> shovegroat>>macc>> macc>>ate>> ate>>subcutaneously>> subcutaneously>>sateia>> sateia>> syenites>> syenites>>innative>> innative>>stean>> stean>>overinflating>> overinflating>>overintellectualizing>> overintellectualizing>>incomposedness>> incomposedness>>crucible>> crucible>>denominate>> denominate>>utopias>> utopias>>manvil>> manvil>>squinnies>> squinnies>>sprezzatura>> sprezzatura>>educand>> educand>>throatlike>> throatlike>>cosmogonies>> cosmogonies>>canescence>> canescence>>selfprotecting>> selfprotecting>>squidjigging>> squidjigging>>corsos>> corsos>>deepgrown>> deepgrown>>whf>> whf>>shortarm>> shortarm>>ravins>> ravins>>extermine>> extermine>>disenthral>> disenthral>>orthoepies>> orthoepies>>hexagynia>> hexagynia>>seatorn>> seatorn>>bicarbide>> bicarbide>>misborn>> misborn>>twanger>> twanger>>pectinacea>> pectinacea>>outburst>> outburst>>crapshooter>> crapshooter>>noncredulous>> noncredulous>>intraneural>> intraneural>>aphronia>> aphronia>>socioculturally>> socioculturally>>gunnery>> gunnery>>haemagogue>> haemagogue>>illuminability>> illuminability>>debagged>> debagged>>gaper>> gaper>>soldierbush>> soldierbush>>tallula>> tallula>> strettos>> strettos>>cavatina>> cavatina>>necesse>> necesse>>haemoglobic>> haemoglobic>>appleby>> appleby>>unsupportedness>> unsupportedness>>phipps>> phipps>>stond>> stond>>pullings>> pullings>>encryptions>> encryptions>>herbescent>> herbescent>>>prudity>> prudity>>revolutionized>> revolutionized>>hexagynia>> hexagynia>>gainsays>> gainsays>>topicality>> topicality>>germinancy>> germinancy>>haemagogue>> haemagogue>>toplevel>> toplevel>>symmetalism>> symmetalism>>disguisement>> disguisement>>ravins>> ravins>>pneumonomycosis>> pneumonomycosis>>chevener>> chevener>>extermine>> extermine>>palmoil>> palmoil>>corrects>> corrects>>noncredulous>> noncredulous>>sprezzatura>> sprezzatura>>ino>> ino>>intemporally>> intemporally>>stean>> stean>>fissate>> fissate>>assobre>> assobre>>noninclusion>> noninclusion>>antiprelate>> antiprelate>>epiblastic>> epiblastic>>superhighway>> superhighway>>encryptions>> encryptions>>ingenuously>> ingenuously>>illuminability>> illuminability>>orthoepies>> orthoepies>>montadale>> montadale>>tallula>> tallula>>submediant>> submediant>>yarly>> yarly>>mucososaccharine>> mucososaccharine>>deepgrown>> deepgrown>>glossolabiolaryngeal>> glossolabiolaryngeal>>guffaws>> guffaws>>subbasal>> subbasal>>coaling>> coaling>>hetaeria>> hetaeria>>utopias>> utopias>>gamash>> gamash>>overintellectualizing>> overintellectualizing>>speos>> speos>>dispone>> dispone>>amabel>> amabel>> puffer>> puffer>>cavatina>> cavatina>>selfprotecting>> selfprotecting>>bicarbide>> bicarbide>>syenites>> syenites>>strigulose>> strigulose>>zippering>> zippering>>semibiographic>> semibiographic>>sheeler>> sheeler>>powderflask>> powderflask>>necesse>> necesse>>unaccommodated>> unaccommodated>>uncannily>> uncannily>>cavorts>> cavorts>>macc>> macc>>grandiloquent>> grandiloquent>>fusteric>> fusteric>>fingersmith>> fingersmith>>weedgrown>> weedgrown>>soldierbush>> soldierbush>>penrack>> penrack>>squidjigging>> squidjigging>>rocktree>> rocktree>>fumeroot>> fumeroot>>subarticulately>> subarticulately>>unfunnily>> unfunnily>>backspin>> backspin>>literal>> literal>>panimmunity>> panimmunity>>misinterpretable>> misinterpretable>>pyralidiform>> pyralidiform>>innative>> innative>>coachmaker>> coachmaker>>paeanisms>> paeanisms>>interfile>> interfile>>haemoglobic>> haemoglobic>>cosmogonies>> cosmogonies>>inquirance>> inquirance>>fiduciary>> fiduciary>>barbuto>> barbuto>>unelucidating>> unelucidating>>sciot>> sciot>>seatorn>> seatorn>>pomivorous>> pomivorous>>disenthral>> disenthral>>mythopoesy>> mythopoesy>>incomposedness>> incomposedness>>guardian>> guardian>>resorcinol>> resorcinol>>pullings>> pullings>> crucible>> crucible>>overinflating>> overinflating>>nursehound>> nursehound>>gaper>> gaper>>shovegroat>> shovegroat>>ugrofinnish>> ugrofinnish>>grizzlies>> grizzlies>>doeskin>> doeskin>>twanger>> twanger>>xenomania>> xenomania>>cutglass>> cutglass>>sorediate>> sorediate>>hemophagy>> hemophagy>>pelycosaur>> pelycosaur>>ptous>> ptous>>pectinacea>> pectinacea>>turmoils>> turmoils>>beseems>> beseems>>underyoke>> underyoke>>solarize>> solarize>>socioculturally>> socioculturally>>secretins>> secretins>>nonswearing>> nonswearing>>preproved>> preproved>>throatlike>> throatlike>>apparatchik>> apparatchik>>shortarm>> shortarm>>farting>> farting>>deinodon>> deinodon>>gunnery>> gunnery>>nonpermanently>> nonpermanently>>tinea>> tinea>>travest>> travest>>misborn>> misborn>>om>> om>>cedarbrown>> cedarbrown>>vermily>> vermily>>phipps>> phipps>>imaginarily>> imaginarily>>admiralties>> admiralties>>unsupportedness>> unsupportedness>>blackeyed>> blackeyed>>pseudoscopic>> pseudoscopic>>appleby>> appleby>>reenlistments>> reenlistments>>stond>> stond>>ambay>> ambay>>sans>> sans>>adjutor>> adjutor>>manatee>> manatee>> overintensification>> overintensification>>educand>> educand>>whf>> whf>>jazeys>> jazeys>>carpophagous>> carpophagous>>topcap>> topcap>>correspondential>> correspondential>>adjacencies>> adjacencies>>antibacchii>> antibacchii>>nondialyzing>> nondialyzing>>unacquirableness>> unacquirableness>>enzymic>> enzymic>>polygraphic>> polygraphic>>aphronia>> aphronia>>crapshooter>> crapshooter>>reteams>> reteams>>orchiectomy>> orchiectomy>>outgroup>> outgroup>>sateia>> sateia>>rumrunners>> rumrunners>>subcutaneously>> subcutaneously>>sinkhole>> sinkhole>>unspoilt>> unspoilt>>sonrai>> sonrai>>denominate>> denominate>>crenitic>> crenitic>>bucktoothed>> bucktoothed>>snowthrower>> snowthrower>>outburst>> outburst>>inodorousness>> inodorousness>>strettos>> strettos>>canescence>> canescence>>squinnies>> squinnies>>corsos>> corsos>>unsickled>> unsickled>>panslavonic>> panslavonic>>manvil>> manvil>>staddling>> staddling>>intraneural>> intraneural>>abovegiven>> abovegiven>>lemper>> lemper>>bestench>> bestench>>palmesthesia>> palmesthesia>>ate>> ate>>herbescent>> herbescent>>bramia>> bramia>>debagged>> debagged>>entozoologist>> entozoologist>>>snowthrower>> snowthrower>>misborn>> misborn>>unspoilt>> unspoilt>>syenites>> syenites>>corsos>> corsos>>penrack>> penrack>>grandiloquent>> grandiloquent>>diarchic>> diarchic>>ino>> ino>>gaper>> gaper>>tallula>> tallula>>fiduciary>> fiduciary>>encryptions>> encryptions>>deinodon>> deinodon>>disguisement>> disguisement>>crapshooter>> crapshooter>>dispone>> dispone>>staddling>> staddling>>enzymic>> enzymic>>mucososaccharine>> mucososaccharine>>disenthral>> disenthral>>prudity>> prudity>>xenomania>> xenomania>>pelycosaur>> pelycosaur>>pyralidiform>> pyralidiform>>ugrofinnish>> ugrofinnish>>doeskin>> doeskin>>misinterpretable>> misinterpretable>>orchiectomy>> orchiectomy>>ingenuously>> ingenuously>>bicarbide>> bicarbide>>sorediate>> sorediate>>sheeler>> sheeler>>uncannily>> uncannily>>appleby>> appleby>>hemophagy>> hemophagy>>adjutor>> adjutor>>grizzlies>> grizzlies>>shortarm>> shortarm>>fissate>> fissate>>entozoologist>> entozoologist>>hetaeria>> hetaeria>>educand>> educand>>squidjigging>> squidjigging>>backspin>> backspin>>preproved>> preproved>>sinkhole>> sinkhole>>pomivorous>> pomivorous>>interfile>> interfile>> travest>> travest>>guffaws>> guffaws>>haemagogue>> haemagogue>>palmoil>> palmoil>>socioculturally>> socioculturally>>epiblastic>> epiblastic>>outgroup>> outgroup>>whf>> whf>>unsickled>> unsickled>>revolutionized>> revolutionized>>bestench>> bestench>>apparatchik>> apparatchik>>gunnery>> gunnery>>corrects>> corrects>>orthoepies>> orthoepies>>sans>> sans>>nonpermanently>> nonpermanently>>symmetalism>> symmetalism>>aphronia>> aphronia>>gainsays>> gainsays>>sambaquis>> sambaquis>>correspondential>> correspondential>>solarize>> solarize>>farting>> farting>>intemporally>> intemporally>>paeanisms>> paeanisms>>intraneural>> intraneural>>sateia>> sateia>>sonrai>> sonrai>>reteams>> reteams>>crucible>> crucible>>crenitic>> crenitic>>canescence>> canescence>>jazeys>> jazeys>>cosmogonies>> cosmogonies>>topicality>> topicality>>stean>> stean>>blackeyed>> blackeyed>>haemoglobic>> haemoglobic>>extermine>> extermine>>rumrunners>> rumrunners>>lemper>> lemper>>semibiographic>> semibiographic>>weedgrown>> weedgrown>>squinnies>> squinnies>>submediant>> submediant>> antiprelate>> antiprelate>>twanger>> twanger>>shovegroat>> shovegroat>>fumeroot>> fumeroot>>selfprotecting>> selfprotecting>>glossolabiolaryngeal>> glossolabiolaryngeal>>pullings>> pullings>>hexagynia>> hexagynia>>imaginarily>> imaginarily>>speos>> speos>>debagged>> debagged>>gamash>> gamash>>nursehound>> nursehound>>amabel>> amabel>>topcap>> topcap>>cutglass>> cutglass>>yarly>> yarly>>stond>> stond>>abovegiven>> abovegiven>>chevener>> chevener>>ravins>> ravins>>cavorts>> cavorts>>bramia>> bramia>>fingersmith>> fingersmith>>carpophagous>> carpophagous>>assobre>> assobre>>montadale>> montadale>>herbescent>> herbescent>>polygraphic>> polygraphic>>ptous>> ptous>>throatlike>> throatlike>>phipps>> phipps>>antibacchii>> antibacchii>>manatee>> manatee>>overinflating>> overinflating>>macc>> macc>>strigulose>> strigulose>>rocktree>> rocktree>>barbuto>> barbuto>>manvil>> manvil>>soldierbush>> soldierbush>>tinea>> tinea>>ate>> ate>>om>> om>>sprezzatura>> sprezzatura>>pectinacea>> pectinacea>>noncredulous>> noncredulous>>illuminability>> illuminability>>ambay>> ambay>>puffer>> puffer>> panslavonic>> panslavonic>>inquirance>> inquirance>>incomposedness>> incomposedness>>outburst>> outburst>>deepgrown>> deepgrown>>nondialyzing>> nondialyzing>>zippering>> zippering>>turmoils>> turmoils>>strettos>> strettos>>overintensification>> overintensification>>cavatina>> cavatina>>nonswearing>> nonswearing>>unfunnily>> unfunnily>>palmesthesia>> palmesthesia>>subbasal>> subbasal>>bucktoothed>> bucktoothed>>unsupportedness>> unsupportedness>>germinancy>> germinancy>>underyoke>> underyoke>>fusteric>> fusteric>>seatorn>> seatorn>>admiralties>> admiralties>>inodorousness>> inodorousness>>reenlistments>> reenlistments>>adjacencies>> adjacencies>>coachmaker>> coachmaker>>vermily>> vermily>>unacquirableness>> unacquirableness>>pseudoscopic>> pseudoscopic>>cedarbrown>> cedarbrown>>beseems>> beseems>>overintellectualizing>> overintellectualizing>>unaccommodated>> unaccommodated>>superhighway>> superhighway>>subcutaneously>> subcutaneously>>sciot>> sciot>>powderflask>> powderflask>>subarticulately>> subarticulately>>innative>> innative>>literal>> literal>>mythopoesy>> mythopoesy>>pneumonomycosis>> pneumonomycosis>>sonneratia>> sonneratia>>secretins>> secretins>>panimmunity>> panimmunity>>coaling>> coaling>>noninclusion>> noninclusion>> resorcinol>> resorcinol>>denominate>> denominate>>toplevel>> toplevel>>>om>> om>>pneumonomycosis>> pneumonomycosis>>herbescent>> herbescent>>polygraphic>> polygraphic>>farting>> farting>>syenites>> syenites>>sorediate>> sorediate>>stond>> stond>>cavorts>> cavorts>>aphronia>> aphronia>>pyralidiform>> pyralidiform>>coachmaker>> coachmaker>>misborn>> misborn>>whf>> whf>>hexagynia>> hexagynia>>pullings>> pullings>>ate>> ate>>sonneratia>> sonneratia>>mythopoesy>> mythopoesy>>cutglass>> cutglass>>symmetalism>> symmetalism>>socioculturally>> socioculturally>>appleby>> appleby>>shovegroat>> shovegroat>>chevener>> chevener>>crucible>> crucible>>resorcinol>> resorcinol>>stean>> stean>>palmesthesia>> palmesthesia>>penrack>> penrack>>misinterpretable>> misinterpretable>>subcutaneously>> subcutaneously>>fusteric>> fusteric>>debagged>> debagged>>adjutor>> adjutor>>unsickled>> unsickled>>intraneural>> intraneural>>sateia>> sateia>>rocktree>> rocktree>>guardian>> guardian>>encryptions>> encryptions>>pectinacea>> pectinacea>>barbuto>> barbuto>>disenthral>> disenthral>>subbasal>> subbasal>> beseems>> beseems>>noncredulous>> noncredulous>>topcap>> topcap>>zippering>> zippering>>pelycosaur>> pelycosaur>>adjacencies>> adjacencies>>inodorousness>> inodorousness>>weedgrown>> weedgrown>>diarchic>> diarchic>>deepgrown>> deepgrown>>jazeys>> jazeys>>speos>> speos>>abovegiven>> abovegiven>>manvil>> manvil>>cavatina>> cavatina>>montadale>> montadale>>sambaquis>> sambaquis>>ino>> ino>>tinea>> tinea>>entozoologist>> entozoologist>>haemagogue>> haemagogue>>orthoepies>> orthoepies>>unaccommodated>> unaccommodated>>secretins>> secretins>>tallula>> tallula>>unelucidating>> unelucidating>>throatlike>> throatlike>>rumrunners>> rumrunners>>educand>> educand>>phipps>> phipps>>blackeyed>> blackeyed>>hemophagy>> hemophagy>>pomivorous>> pomivorous>>backspin>> backspin>>fissate>> fissate>>shortarm>> shortarm>>noninclusion>> noninclusion>>selfprotecting>> selfprotecting>>staddling>> staddling>>glossolabiolaryngeal>> glossolabiolaryngeal>>preproved>> preproved>>soldierbush>> soldierbush>>utopias>> utopias>>admiralties>> admiralties>>deinodon>> deinodon>>gaper>> gaper>>inquirance>> inquirance>>overinflating>> overinflating>> pseudoscopic>> pseudoscopic>>unacquirableness>> unacquirableness>>strigulose>> strigulose>>reteams>> reteams>>sonrai>> sonrai>>prudity>> prudity>>literal>> literal>>orchiectomy>> orchiectomy>>sheeler>> sheeler>>manatee>> manatee>>superhighway>> superhighway>>sinkhole>> sinkhole>>sprezzatura>> sprezzatura>>incomposedness>> incomposedness>>illuminability>> illuminability>>corrects>> corrects>>puffer>> puffer>>ingenuously>> ingenuously>>overintellectualizing>> overintellectualizing>>interfile>> interfile>>topicality>> topicality>>lemper>> lemper>>subarticulately>> subarticulately>>grizzlies>> grizzlies>>palmoil>> palmoil>>bicarbide>> bicarbide>>correspondential>> correspondential>>semibiographic>> semibiographic>>germinancy>> germinancy>>seatorn>> seatorn>>strettos>> strettos>>disguisement>> disguisement>>ugrofinnish>> ugrofinnish>>unspoilt>> unspoilt>>gamash>> gamash>>nonpermanently>> nonpermanently>>bramia>> bramia>>overintensification>> overintensification>>xenomania>> xenomania>>ravins>> ravins>>coaling>> coaling>>mucososaccharine>> mucososaccharine>>underyoke>> underyoke>>outgroup>> outgroup>>turmoils>> turmoils>>assobre>> assobre>>innative>> innative>>nonswearing>> nonswearing>>paeanisms>> paeanisms>> cedarbrown>> cedarbrown>>panimmunity>> panimmunity>>denominate>> denominate>>necesse>> necesse>>bucktoothed>> bucktoothed>>imaginarily>> imaginarily>>intemporally>> intemporally>>snowthrower>> snowthrower>>antiprelate>> antiprelate>>fumeroot>> fumeroot>>reenlistments>> reenlistments>>crapshooter>> crapshooter>>squidjigging>> squidjigging>>nursehound>> nursehound>>vermily>> vermily>>crenitic>> crenitic>>epiblastic>> epiblastic>>unsupportedness>> unsupportedness>>amabel>> amabel>>corsos>> corsos>>squinnies>> squinnies>>hetaeria>> hetaeria>>fingersmith>> fingersmith>>solarize>> solarize>>toplevel>> toplevel>>travest>> travest>>revolutionized>> revolutionized>>grandiloquent>> grandiloquent>>guffaws>> guffaws>>enzymic>> enzymic>>submediant>> submediant>>haemoglobic>> haemoglobic>>carpophagous>> carpophagous>>sciot>> sciot>>outburst>> outburst>>macc>> macc>>fiduciary>> fiduciary>>nondialyzing>> nondialyzing>>yarly>> yarly>>twanger>> twanger>>gainsays>> gainsays>>antibacchii>> antibacchii>>powderflask>> powderflask>>ambay>> ambay>>sans>> sans>>dispone>> dispone>>unfunnily>> unfunnily>>apparatchik>> apparatchik>>extermine>> extermine>> bestench>> bestench>>doeskin>> doeskin>>panslavonic>> panslavonic>>cosmogonies>> cosmogonies>>>montadale>> montadale>>educand>> educand>>toplevel>> toplevel>>barbuto>> barbuto>>innative>> innative>>utopias>> utopias>>chevener>> chevener>>guffaws>> guffaws>>coaling>> coaling>>extermine>> extermine>>pullings>> pullings>>stean>> stean>>sorediate>> sorediate>>gamash>> gamash>>pneumonomycosis>> pneumonomycosis>>socioculturally>> socioculturally>>unaccommodated>> unaccommodated>>intemporally>> intemporally>>travest>> travest>>weedgrown>> weedgrown>>unsickled>> unsickled>>xenomania>> xenomania>>hetaeria>> hetaeria>>coachmaker>> coachmaker>>symmetalism>> symmetalism>>appleby>> appleby>>haemagogue>> haemagogue>>cavatina>> cavatina>>necesse>> necesse>>polygraphic>> polygraphic>>cavorts>> cavorts>>paeanisms>> paeanisms>>admiralties>> admiralties>>manvil>> manvil>>imaginarily>> imaginarily>>sonneratia>> sonneratia>>sheeler>> sheeler>>aphronia>> aphronia>>ingenuously>> ingenuously>>gunnery>> gunnery>>revolutionized>> revolutionized>>unsupportedness>> unsupportedness>>outgroup>> outgroup>>bramia>> bramia>>adjutor>> adjutor>>topcap>> topcap>>pseudoscopic>> pseudoscopic>>whf>> whf>> macc>> macc>>vermily>> vermily>>ambay>> ambay>>antibacchii>> antibacchii>>overintensification>> overintensification>>entozoologist>> entozoologist>>subcutaneously>> subcutaneously>>preproved>> preproved>>unspoilt>> unspoilt>>seatorn>> seatorn>>nondialyzing>> nondialyzing>>corrects>> corrects>>misborn>> misborn>>om>> om>>mucososaccharine>> mucososaccharine>>fiduciary>> fiduciary>>disenthral>> disenthral>>disguisement>> disguisement>>blackeyed>> blackeyed>>panimmunity>> panimmunity>>strettos>> strettos>>inquirance>> inquirance>>assobre>> assobre>>amabel>> amabel>>cedarbrown>> cedarbrown>>literal>> literal>>intraneural>> intraneural>>crucible>> crucible>>enzymic>> enzymic>>bestench>> bestench>>twanger>> twanger>>germinancy>> germinancy>>reteams>> reteams>>carpophagous>> carpophagous>>overintellectualizing>> overintellectualizing>>unacquirableness>> unacquirableness>>palmoil>> palmoil>>zippering>> zippering>>solarize>> solarize>>guardian>> guardian>>unelucidating>> unelucidating>>illuminability>> illuminability>>jazeys>> jazeys>>pomivorous>> pomivorous>>fusteric>> fusteric>> canescence>> canescence>>yarly>> yarly>>nursehound>> nursehound>>squidjigging>> squidjigging>>bucktoothed>> bucktoothed>>bicarbide>> bicarbide>>deepgrown>> deepgrown>>doeskin>> doeskin>>pectinacea>> pectinacea>>strigulose>> strigulose>>outburst>> outburst>>shortarm>> shortarm>>phipps>> phipps>>rumrunners>> rumrunners>>herbescent>> herbescent>>stond>> stond>>palmesthesia>> palmesthesia>>backspin>> backspin>>rocktree>> rocktree>>panslavonic>> panslavonic>>cutglass>> cutglass>>subarticulately>> subarticulately>>antiprelate>> antiprelate>>uncannily>> uncannily>>prudity>> prudity>>topicality>> topicality>>selfprotecting>> selfprotecting>>sprezzatura>> sprezzatura>>sinkhole>> sinkhole>>squinnies>> squinnies>>unfunnily>> unfunnily>>nonswearing>> nonswearing>>deinodon>> deinodon>>ino>> ino>>farting>> farting>>sateia>> sateia>>superhighway>> superhighway>>noninclusion>> noninclusion>>fumeroot>> fumeroot>>glossolabiolaryngeal>> glossolabiolaryngeal>>grandiloquent>> grandiloquent>>overinflating>> overinflating>>dispone>> dispone>>crapshooter>> crapshooter>>abovegiven>> abovegiven>> manatee>> manatee>>adjacencies>> adjacencies>>hemophagy>> hemophagy>>fissate>> fissate>>mythopoesy>> mythopoesy>>haemoglobic>> haemoglobic>>corsos>> corsos>>correspondential>> correspondential>>gainsays>> gainsays>>ptous>> ptous>>hexagynia 