 planetless)) planetless))pyjamas)) pyjamas))handsomeish)) handsomeish))firefight)) firefight))mento)) mento))mistrist)) mistrist))dhanvantari)) dhanvantari))ortol)) ortol))unslakable)) unslakable))goosery)) goosery))branta)) branta))totaquine)) totaquine))splenolaparotomy)) splenolaparotomy))dried)) dried))crepitaculum)) crepitaculum))superemphasized)) superemphasized))interspiration)) interspiration))allusion)) allusion))natatores)) natatores))oncostman)) oncostman))golva)) golva))fulltime)) fulltime))elazaro)) elazaro))lovelessness)) lovelessness))incremental)) incremental))drayden)) drayden))homographs)) homographs))woodenhooped)) woodenhooped))intimal)) intimal))unanatomisable)) unanatomisable))hematospermatocele)) hematospermatocele))pseudoindependently)) pseudoindependently))deadlive)) deadlive))alectryon)) alectryon))blotching)) blotching))timbered)) timbered))drizzling)) drizzling))rabato)) rabato))rerecollection)) rerecollection))dilemmic)) dilemmic))instellation)) instellation))nappiest)) nappiest))gazingstock)) gazingstock))ritualities)) ritualities))chromogene)) chromogene))perinephria)) perinephria))medicophysical)) medicophysical)) helvetian)) helvetian))vitiligoidea)) vitiligoidea))coralita)) coralita))readorning)) readorning))cynosure)) cynosure))noncursively)) noncursively))reserpine)) reserpine))supravital)) supravital))tintist)) tintist))antishoplifting)) antishoplifting))echoers)) echoers))zinky)) zinky))vestibulum)) vestibulum))frondeurs)) frondeurs))anticyclonic)) anticyclonic))masaridinae)) masaridinae))frye)) frye))entohyal)) entohyal))goshen)) goshen))roars)) roars))saddish)) saddish))imputrescibility)) imputrescibility))borating)) borating))boettiger)) boettiger))diaheliotropically)) diaheliotropically))colliery)) colliery))philofrench)) philofrench))greatniece)) greatniece))breakerman)) breakerman))flunk)) flunk))clothespins)) clothespins))hoopstick)) hoopstick))triethanolamine)) triethanolamine))kaik)) kaik))aporosa)) aporosa))rufter)) rufter))mesocola)) mesocola))eliezer)) eliezer))scuddawn)) scuddawn))mccallion)) mccallion))morencite)) morencite))stomatophora)) stomatophora))bourignonist)) bourignonist))dryerman)) dryerman))libidinously)) libidinously))audition)) audition))ninespotted)) ninespotted))orangered)) orangered))herdics)) herdics)) firstfloor)) firstfloor))calendry)) calendry))pleasantminded)) pleasantminded))chondroplast)) chondroplast))bartolozzi)) bartolozzi))mesics)) mesics))evergreens)) evergreens))paip)) paip))unsuperficial)) unsuperficial))proministry)) proministry))pseudohindu)) pseudohindu))oologists)) oologists))wandshaped)) wandshaped))rokee)) rokee))akhund)) akhund))rebukeable)) rebukeable))pimping)) pimping))resarcelee)) resarcelee))desocialize)) desocialize))palingenesis)) palingenesis))juristic)) juristic))undated)) undated))homefelt)) homefelt))marchantiaceous)) marchantiaceous))plutocracy)) plutocracy))picaresque)) picaresque))brewing)) brewing))distress)) distress))multileaving)) multileaving))flectionless)) flectionless))zoomorphism)) zoomorphism))granulitize)) granulitize))leisenring)) leisenring))inclusion)) inclusion))poddy)) poddy))skinker)) skinker))oedipuses)) oedipuses))mossgrown)) mossgrown))redesert)) redesert))renault)) renault))retitling)) retitling))kioto)) kioto))octennially)) octennially))eagerly)) eagerly))adlibbed)) adlibbed))yahwism)) yahwism))tapmost)) tapmost)) caseine)) caseine))multiplexor)) multiplexor))knubbier)) knubbier))geoparallelotropic)) geoparallelotropic))brandying)) brandying))unobscenely)) unobscenely))scleroticochoroiditis)) scleroticochoroiditis))tensorial)) tensorial))tungah)) tungah))incubatorium)) incubatorium))maudlin)) maudlin))mindhealing)) mindhealing))sondergotter)) sondergotter))kealey)) kealey))>mossgrown)) mossgrown))chromogene)) chromogene))redesert)) redesert))rebukeable)) rebukeable))juristic)) juristic))drizzling)) drizzling))noncursively)) noncursively))proministry)) proministry))mindhealing)) mindhealing))echoers)) echoers))desocialize)) desocialize))gazingstock)) gazingstock))triethanolamine)) triethanolamine))oologists)) oologists))tintist)) tintist))firefight)) firefight))herdics)) herdics))helvetian)) helvetian))maudlin)) maudlin))granulitize)) granulitize))cynosure)) cynosure))renault)) renault))unslakable)) unslakable))blotching)) blotching))multiplexor)) multiplexor))eliezer)) eliezer))stomatophora)) stomatophora))golva)) golva))scleroticochoroiditis)) scleroticochoroiditis))crepitaculum)) crepitaculum))zinky)) zinky))colliery)) colliery))frondeurs)) frondeurs))dryerman)) dryerman))planetless)) planetless))lovelessness)) lovelessness))oncostman)) oncostman))homefelt)) homefelt))homographs)) homographs))boettiger)) boettiger))unobscenely)) unobscenely))morencite)) morencite))allusion)) allusion))interspiration)) interspiration))vestibulum)) vestibulum)) picaresque)) picaresque))kaik)) kaik))supravital)) supravital))greatniece)) greatniece))adlibbed)) adlibbed))dilemmic)) dilemmic))perinephria)) perinephria))entohyal)) entohyal))philofrench)) philofrench))borating)) borating))multileaving)) multileaving))leisenring)) leisenring))mccallion)) mccallion))imputrescibility)) imputrescibility))sondergotter)) sondergotter))akhund)) akhund))bourignonist)) bourignonist))yahwism)) yahwism))mesics)) mesics))eagerly)) eagerly))frye)) frye))flunk)) flunk))coralita)) coralita))diaheliotropically)) diaheliotropically))plutocracy)) plutocracy))aporosa)) aporosa))breakerman)) breakerman))alectryon)) alectryon))readorning)) readorning))totaquine)) totaquine))ortol)) ortol))timbered)) timbered))ritualities)) ritualities))dhanvantari)) dhanvantari))unanatomisable)) unanatomisable))superemphasized)) superemphasized))saddish)) saddish))brandying)) brandying))splenolaparotomy)) splenolaparotomy))poddy)) poddy))audition)) audition))wandshaped)) wandshaped))paip)) paip))kioto)) kioto))axolemma)) axolemma))hoopstick)) hoopstick)) fulltime)) fulltime))undated)) undated))chondroplast)) chondroplast))elazaro)) elazaro))incubatorium)) incubatorium))libidinously)) libidinously))clothespins)) clothespins))pleasantminded)) pleasantminded))dried)) dried))zoomorphism)) zoomorphism))pimping)) pimping))rerecollection)) rerecollection))incremental)) incremental))caseine)) caseine))pyjamas)) pyjamas))tungah)) tungah))instellation)) instellation))intimal)) intimal))woodenhooped)) woodenhooped))mento)) mento))flectionless)) flectionless))calendry)) calendry))orangered)) orangered))kealey)) kealey))firstfloor)) firstfloor))octennially)) octennially))oedipuses)) oedipuses))handsomeish)) handsomeish))scuddawn)) scuddawn))nappiest)) nappiest))deadlive)) deadlive))brewing)) brewing))rufter)) rufter))drayden)) drayden))antishoplifting)) antishoplifting))rokee)) rokee))retitling)) retitling))roars)) roars))skinker)) skinker))geoparallelotropic)) geoparallelotropic))etymologist)) etymologist))vitiligoidea)) vitiligoidea))chandleress)) chandleress))natatores)) natatores))hematospermatocele)) hematospermatocele))tensorial)) tensorial))palingenesis)) palingenesis))medicophysical)) medicophysical))unsuperficial)) unsuperficial))reserpine)) reserpine)) goshen)) goshen))mistrist)) mistrist))masaridinae)) masaridinae))ninespotted)) ninespotted))marchantiaceous)) marchantiaceous))bartolozzi)) bartolozzi))branta)) branta))resarcelee)) resarcelee))pseudohindu)) pseudohindu))evergreens)) evergreens))goosery)) goosery))mesocola)) mesocola))distress)) distress))anticyclonic)) anticyclonic))knubbier)) knubbier))inclusion)) inclusion))>mccallion)) mccallion))kealey)) kealey))sondergotter)) sondergotter))oncostman)) oncostman))dryerman)) dryerman))dried)) dried))unanatomisable)) unanatomisable))multiplexor)) multiplexor))morencite)) morencite))stomatophora)) stomatophora))mesics)) mesics))cynosure)) cynosure))juristic)) juristic))evergreens)) evergreens))golva)) golva))antishoplifting)) antishoplifting))natatores)) natatores))skinker)) skinker))aporosa)) aporosa))greatniece)) greatniece))lovelessness)) lovelessness))octennially)) octennially))fulltime)) fulltime))wandshaped)) wandshaped))imputrescibility)) imputrescibility))akhund)) akhund))pleasantminded)) pleasantminded))libidinously)) libidinously))planetless)) planetless))mindhealing)) mindhealing))knubbier)) knubbier))zoomorphism)) zoomorphism))pimping)) pimping))woodenhooped)) woodenhooped))pyjamas)) pyjamas))scuddawn)) scuddawn))unslakable)) unslakable))eagerly)) eagerly))yahwism)) yahwism))eliezer)) eliezer))perinephria)) perinephria))paip)) paip))scleroticochoroiditis)) scleroticochoroiditis))pseudoindependently)) pseudoindependently))blotching)) blotching))mesocola)) mesocola))kaik)) kaik)) leisenring)) leisenring))ritualities)) ritualities))mistrist)) mistrist))rufter)) rufter))rebukeable)) rebukeable))instellation)) instellation))resarcelee)) resarcelee))tintist)) tintist))rokee)) rokee))intimal)) intimal))undated)) undated))axolemma)) axolemma))chondroplast)) chondroplast))totaquine)) totaquine))herdics)) herdics))proministry)) proministry))adlibbed)) adlibbed))handsomeish)) handsomeish))vestibulum)) vestibulum))frye)) frye))homefelt)) homefelt))superemphasized)) superemphasized))coralita)) coralita))ninespotted)) ninespotted))colliery)) colliery))firefight)) firefight))unobscenely)) unobscenely))brewing)) brewing))nappiest)) nappiest))rerecollection)) rerecollection))plutocracy)) plutocracy))rabato)) rabato))philofrench)) philofrench))alectryon)) alectryon))noncursively)) noncursively))flunk)) flunk))bourignonist)) bourignonist))diaheliotropically)) diaheliotropically))branta)) branta))deadlive)) deadlive))caseine)) caseine))medicophysical)) medicophysical))picaresque)) picaresque))granulitize)) granulitize))triethanolamine)) triethanolamine))borating)) borating))incubatorium)) incubatorium))ortol)) ortol))oologists)) oologists))interspiration)) interspiration)) firstfloor)) firstfloor))dhanvantari)) dhanvantari))palingenesis)) palingenesis))maudlin)) maudlin))pseudohindu)) pseudohindu))drayden)) drayden))supravital)) supravital))kioto)) kioto))desocialize)) desocialize))tapmost)) tapmost))marchantiaceous)) marchantiaceous))echoers)) echoers))etymologist)) etymologist))helvetian)) helvetian))zinky)) zinky))retitling)) retitling))crepitaculum)) crepitaculum))calendry)) calendry))reserpine)) reserpine))vitiligoidea)) vitiligoidea))readorning)) readorning))anticyclonic)) anticyclonic))flectionless)) flectionless))inclusion)) inclusion))goshen)) goshen))distress)) distress))redesert)) redesert))clothespins)) clothespins))boettiger)) boettiger))poddy)) poddy))frondeurs)) frondeurs))splenolaparotomy)) splenolaparotomy))gazingstock)) gazingstock))tungah)) tungah))elazaro)) elazaro))chandleress)) chandleress))hematospermatocele)) hematospermatocele))bartolozzi)) bartolozzi))unsuperficial)) unsuperficial))chromogene)) chromogene))timbered)) timbered))oedipuses)) oedipuses))orangered)) orangered))saddish)) saddish))roars)) roars))masaridinae)) masaridinae))goosery)) goosery))allusion)) allusion))dilemmic)) dilemmic)) drizzling)) drizzling))geoparallelotropic)) geoparallelotropic))entohyal)) entohyal))breakerman)) breakerman))mento)) mento))audition)) audition))renault)) renault))multileaving)) multileaving))brandying)) brandying))incremental)) incremental))hoopstick)) hoopstick))>brewing)) brewing))maudlin)) maudlin))tungah)) tungah))medicophysical)) medicophysical))masaridinae)) masaridinae))greatniece)) greatniece))tapmost)) tapmost))leisenring)) leisenring))caseine)) caseine))unslakable)) unslakable))skinker)) skinker))plutocracy)) plutocracy))ritualities)) ritualities))morencite)) morencite))rufter)) rufter))intimal)) intimal))chromogene)) chromogene))yahwism)) yahwism))incremental)) incremental))clothespins)) clothespins))golva)) golva))zoomorphism)) zoomorphism))dried)) dried))calendry)) calendry))echoers)) echoers))instellation)) instellation))borating)) borating))ninespotted)) ninespotted))tensorial)) tensorial))fulltime)) fulltime))crepitaculum)) crepitaculum))kaik)) kaik))handsomeish)) handsomeish))dhanvantari)) dhanvantari))frye)) frye))akhund)) akhund))chondroplast)) chondroplast))triethanolamine)) triethanolamine))picaresque)) picaresque))inclusion)) inclusion))entohyal)) entohyal))goosery)) goosery))supravital)) supravital))pyjamas)) pyjamas))kioto)) kioto)) vitiligoidea)) vitiligoidea))rerecollection)) rerecollection))rebukeable)) rebukeable))etymologist)) etymologist))breakerman)) breakerman))unanatomisable)) unanatomisable))interspiration)) interspiration))drayden)) drayden))multiplexor)) multiplexor))mccallion)) mccallion))mindhealing)) mindhealing))unsuperficial)) unsuperficial))helvetian)) helvetian))colliery)) colliery))rabato)) rabato))octennially)) octennially))pseudohindu)) pseudohindu))orangered)) orangered))mento)) mento))resarcelee)) resarcelee))flunk)) flunk))scuddawn)) scuddawn))geoparallelotropic)) geoparallelotropic))reserpine)) reserpine))wandshaped)) wandshaped))gazingstock)) gazingstock))herdics)) herdics))branta)) branta))poddy)) poddy))roars)) roars))tintist)) tintist))bourignonist)) bourignonist))hoopstick)) hoopstick))pimping)) pimping))libidinously)) libidinously))ortol)) ortol))chandleress)) chandleress))paip)) paip))deadlive)) deadlive))dilemmic)) dilemmic))flectionless)) flectionless))homographs)) homographs))stomatophora)) stomatophora))granulitize)) granulitize))oncostman)) oncostman)) pseudoindependently)) pseudoindependently))marchantiaceous)) marchantiaceous))audition)) audition))desocialize)) desocialize))totaquine)) totaquine))pleasantminded)) pleasantminded))aporosa)) aporosa))imputrescibility)) imputrescibility))boettiger)) boettiger))undated)) undated))bartolozzi)) bartolozzi))palingenesis)) palingenesis))dryerman)) dryerman))allusion)) allusion))eliezer)) eliezer))oedipuses)) oedipuses))planetless)) planetless))mesics)) mesics))mesocola)) mesocola))incubatorium)) incubatorium))retitling)) retitling))rokee)) rokee))oologists)) oologists))sondergotter)) sondergotter))blotching)) blotching))unobscenely)) unobscenely))distress)) distress))cynosure)) cynosure))vestibulum)) vestibulum))zinky)) zinky))evergreens)) evergreens))antishoplifting)) antishoplifting))timbered)) timbered))frondeurs)) frondeurs))lovelessness)) lovelessness))mistrist)) mistrist))multileaving)) multileaving))philofrench)) philofrench))alectryon)) alectryon))homefelt)) homefelt))coralita)) coralita))readorning)) readorning))noncursively)) noncursively))firstfloor)) firstfloor))proministry)) proministry))eagerly)) eagerly))redesert)) redesert)) woodenhooped)) woodenhooped))splenolaparotomy)) splenolaparotomy))saddish)) saddish))anticyclonic)) anticyclonic))natatores)) natatores))knubbier)) knubbier))nappiest)) nappiest))scleroticochoroiditis)) scleroticochoroiditis))renault)) renault))brandying)) brandying))mossgrown)) mossgrown))adlibbed)) adlibbed))superemphasized)) superemphasized))firefight)) firefight))drizzling)) drizzling))juristic)) juristic))hematospermatocele)) hematospermatocele))diaheliotropically)) diaheliotropically))goshen)) goshen))perinephria)) perinephria))>vestibulum)) vestibulum))perinephria)) perinephria))renault)) renault))desocialize)) desocialize))entohyal)) entohyal))oologists)) oologists))oedipuses)) oedipuses))goshen)) goshen))sondergotter)) sondergotter))dried)) dried))proministry)) proministry))reserpine)) reserpine))calendry)) calendry))incubatorium)) incubatorium))pseudohindu)) pseudohindu))diaheliotropically)) diaheliotropically))rufter)) rufter))roars)) roars))mossgrown)) mossgrown))tensorial)) tensorial))colliery)) colliery))palingenesis)) palingenesis))woodenhooped)) woodenhooped))noncursively)) noncursively))yahwism)) yahwism))timbered)) timbered))crepitaculum)) crepitaculum))herdics)) herdics))interspiration)) interspiration))poddy)) poddy))handsomeish)) handsomeish))rebukeable)) rebukeable))multiplexor)) multiplexor))frondeurs)) frondeurs))triethanolamine)) triethanolamine))golva)) golva))kaik)) kaik))ninespotted)) ninespotted))mento)) mento))flectionless)) flectionless))philofrench)) philofrench))imputrescibility)) imputrescibility))redesert)) redesert))lovelessness)) lovelessness))wandshaped)) wandshaped)) kealey)) kealey))readorning)) readorning))caseine)) caseine))goosery)) goosery))unobscenely)) unobscenely))evergreens)) evergreens))brewing)) brewing))inclusion)) inclusion))anticyclonic)) anticyclonic))pleasantminded)) pleasantminded))paip)) paip))mesocola)) mesocola))knubbier)) knubbier))scuddawn)) scuddawn))stomatophora)) stomatophora))echoers)) echoers))alectryon)) alectryon))plutocracy)) plutocracy))akhund)) akhund))drizzling)) drizzling))pseudoindependently)) pseudoindependently))granulitize)) granulitize))morencite)) morencite))allusion)) allusion))undated)) undated))frye)) frye))supravital)) supravital))chromogene)) chromogene))branta)) branta))dhanvantari)) dhanvantari))greatniece)) greatniece))incremental)) incremental))ortol)) ortol))tintist)) tintist))resarcelee)) resarcelee))pyjamas)) pyjamas))orangered)) orangered))mesics)) mesics))nappiest)) nappiest))tapmost)) tapmost))leisenring)) leisenring))hematospermatocele)) hematospermatocele))etymologist)) etymologist))homefelt)) homefelt))natatores)) natatores))mindhealing)) mindhealing))rokee)) rokee))picaresque)) picaresque))boettiger)) boettiger))totaquine)) totaquine)) mccallion)) mccallion))marchantiaceous)) marchantiaceous))splenolaparotomy)) splenolaparotomy))bartolozzi)) bartolozzi))superemphasized)) superemphasized))breakerman)) breakerman))dryerman)) dryerman))intimal)) intimal))pimping)) pimping))antishoplifting)) antishoplifting))ritualities)) ritualities))vitiligoidea)) vitiligoidea))tungah)) tungah))brandying)) brandying))homographs)) homographs))audition)) audition))hoopstick)) hoopstick))planetless)) planetless))coralita)) coralita))rabato)) rabato))geoparallelotropic)) geoparallelotropic))maudlin)) maudlin))retitling)) retitling))libidinously)) libidinously))adlibbed)) adlibbed))skinker)) skinker))saddish)) saddish))flunk)) flunk))zinky)) zinky))eagerly)) eagerly))firefight)) firefight))unslakable)) unslakable))unsuperficial)) unsuperficial))fulltime)) fulltime))elazaro)) elazaro))rerecollection)) rerecollection))aporosa)) aporosa))chondroplast)) chondroplast))medicophysical)) medicophysical))kioto)) kioto))distress)) distress))mistrist)) mistrist))oncostman)) oncostman))borating)) borating))gazingstock)) gazingstock))cynosure)) cynosure))octennially)) octennially))instellation)) instellation))drayden)) drayden)) dilemmic)) dilemmic))firstfloor)) firstfloor))zoomorphism)) zoomorphism))multileaving)) multileaving))eliezer)) eliezer))unanatomisable)) unanatomisable))clothespins)) clothespins))masaridinae)) masaridinae))helvetian)) helvetian))axolemma)) axolemma))bourignonist)) bourignonist))scleroticochoroiditis)) scleroticochoroiditis))blotching)) blotching))>zinky)) zinky))blotching)) blotching))mossgrown)) mossgrown))mento)) mento))marchantiaceous)) marchantiaceous))oedipuses)) oedipuses))pleasantminded)) pleasantminded))oncostman)) oncostman))undated)) undated))supravital)) supravital))resarcelee)) resarcelee))poddy)) poddy))inclusion)) inclusion))eliezer)) eliezer))goshen)) goshen))planetless)) planetless))multiplexor)) multiplexor))rokee)) rokee))octennially)) octennially))roars)) roars))rebukeable)) rebukeable))knubbier)) knubbier))akhund)) akhund))brewing)) brewing))dhanvantari)) dhanvantari))kealey)) kealey))clothespins)) clothespins))eagerly)) eagerly))evergreens)) evergreens))woodenhooped)) woodenhooped))philofrench)) philofrench))pseudoindependently)) pseudoindependently))vitiligoidea)) vitiligoidea))dried)) dried))distress)) distress))cynosure)) cynosure))entohyal)) entohyal))orangered)) orangered))kioto)) kioto))adlibbed)) adlibbed))skinker)) skinker))aporosa)) aporosa))firefight)) firefight))homographs)) homographs))chromogene)) chromogene))triethanolamine)) triethanolamine))dryerman)) dryerman))tensorial)) tensorial))drayden)) drayden)) mistrist)) mistrist))yahwism)) yahwism))anticyclonic)) anticyclonic))mesocola)) mesocola))boettiger)) boettiger))intimal)) intimal))flunk)) flunk))unanatomisable)) unanatomisable))borating)) borating))drizzling)) drizzling))scuddawn)) scuddawn))sondergotter)) sondergotter))paip)) paip))leisenring)) leisenring))helvetian)) helvetian))libidinously)) libidinously))bourignonist)) bourignonist))golva)) golva))chondroplast)) chondroplast))rabato)) rabato))diaheliotropically)) diaheliotropically))elazaro)) elazaro))tungah)) tungah))fulltime)) fulltime))incubatorium)) incubatorium))deadlive)) deadlive))perinephria)) perinephria))incremental)) incremental))vestibulum)) vestibulum))palingenesis)) palingenesis))readorning)) readorning))reserpine)) reserpine))tintist)) tintist))flectionless)) flectionless))greatniece)) greatniece))noncursively)) noncursively))desocialize)) desocialize))pseudohindu)) pseudohindu))timbered)) timbered))hoopstick)) hoopstick))herdics)) herdics))mesics)) mesics))unsuperficial)) unsuperficial))morencite)) morencite))interspiration)) interspiration))echoers)) echoers))dilemmic)) dilemmic))saddish)) saddish))handsomeish)) handsomeish)) unobscenely)) unobscenely))scleroticochoroiditis)) scleroticochoroiditis))gazingstock)) gazingstock))goosery)) goosery))plutocracy)) plutocracy))geoparallelotropic)) geoparallelotropic))ninespotted)) ninespotted))pyjamas)) pyjamas))juristic)) juristic))totaquine)) totaquine))frondeurs)) frondeurs))calendry)) calendry))crepitaculum)) crepitaculum))ortol)) ortol))caseine)) caseine))tapmost)) tapmost))medicophysical)) medicophysical))colliery)) colliery))breakerman)) breakerman))axolemma)) axolemma))ritualities)) ritualities))allusion)) allusion))branta)) branta))imputrescibility)) imputrescibility))splenolaparotomy)) splenolaparotomy))brandying)) brandying))lovelessness)) lovelessness))picaresque)) picaresque))retitling)) retitling))mindhealing)) mindhealing))chandleress)) chandleress))renault)) renault))rerecollection)) rerecollection))etymologist)) etymologist))rufter)) rufter))multileaving)) multileaving))antishoplifting)) antishoplifting))granulitize)) granulitize))alectryon)) alectryon))firstfloor)) firstfloor))homefelt)) homefelt))hematospermatocele)) hematospermatocele))mccallion)) mccallion))frye)) frye))superemphasized)) superemphasized))kaik)) kaik)) natatores)) natatores))redesert)) redesert))wandshaped)) wandshaped))coralita)) coralita))nappiest)) nappiest))maudlin)) maudlin))audition)) audition))masaridinae)) masaridinae))proministry)) proministry))zoomorphism)) zoomorphism))bartolozzi)) bartolozzi))stomatophora)) stomatophora))instellation)) instellation))>picaresque)) picaresque))octennially)) octennially))multiplexor)) multiplexor))medicophysical)) medicophysical))drizzling)) drizzling))readorning)) readorning))blotching)) blotching))antishoplifting)) antishoplifting))dhanvantari)) dhanvantari))unslakable)) unslakable))paip)) paip))plutocracy)) plutocracy))calendry)) calendry))adlibbed)) adlibbed))geoparallelotropic)) geoparallelotropic))branta)) branta))breakerman)) breakerman))natatores)) natatores))brandying)) brandying))drayden)) drayden))homographs)) homographs))akhund)) akhund))flunk)) flunk))roars)) roars))skinker)) skinker))maudlin)) maudlin))clothespins)) clothespins))orangered)) orangered))bartolozzi)) bartolozzi))hematospermatocele)) hematospermatocele))leisenring)) leisenring))homefelt)) homefelt))mccallion)) mccallion))dryerman)) dryerman))lovelessness)) lovelessness))greatniece)) greatniece))hoopstick)) hoopstick))rabato)) rabato))unobscenely)) unobscenely))scuddawn)) scuddawn))vestibulum)) vestibulum))resarcelee)) resarcelee))pseudoindependently)) pseudoindependently))ninespotted)) ninespotted))scleroticochoroiditis)) scleroticochoroiditis))tapmost)) tapmost))oologists)) oologists))libidinously)) libidinously))ritualities)) ritualities))masaridinae)) masaridinae)) chromogene)) chromogene))totaquine)) totaquine))brewing)) brewing))splenolaparotomy)) splenolaparotomy))goshen)) goshen))renault)) renault))multileaving)) multileaving))woodenhooped)) woodenhooped))firefight)) firefight))fulltime)) fulltime))handsomeish)) handsomeish))axolemma)) axolemma))rebukeable)) rebukeable))tungah)) tungah))incremental)) incremental))proministry)) proministry))supravital)) supravital))firstfloor)) firstfloor))juristic)) juristic))saddish)) saddish))incubatorium)) incubatorium))oncostman)) oncostman))kioto)) kioto))dilemmic)) dilemmic))instellation)) instellation))planetless)) planetless))marchantiaceous)) marchantiaceous))borating)) borating))inclusion)) inclusion))pseudohindu)) pseudohindu))kaik)) kaik))rufter)) rufter))zinky)) zinky))stomatophora)) stomatophora))rokee)) rokee))bourignonist)) bourignonist))pimping)) pimping))superemphasized)) superemphasized))goosery)) goosery))wandshaped)) wandshaped))alectryon)) alectryon))vitiligoidea)) vitiligoidea))gazingstock)) gazingstock))tintist)) tintist))morencite)) morencite))helvetian)) helvetian))perinephria)) perinephria))mesics)) mesics)) unanatomisable)) unanatomisable))allusion)) allusion))mossgrown)) mossgrown))mento)) mento))dried)) dried))crepitaculum)) crepitaculum))coralita)) coralita))redesert)) redesert))imputrescibility)) imputrescibility))herdics)) herdics))eliezer)) eliezer))chondroplast)) chondroplast))desocialize)) desocialize))interspiration)) interspiration))retitling)) retitling))golva)) golva))frye)) frye))noncursively)) noncursively))ortol)) ortol))reserpine)) reserpine))flectionless)) flectionless))elazaro)) elazaro))audition)) audition))nappiest)) nappiest))triethanolamine)) triethanolamine))poddy)) poddy))pleasantminded)) pleasantminded))knubbier)) knubbier))eagerly)) eagerly))etymologist)) etymologist))sondergotter)) sondergotter))zoomorphism)) zoomorphism))mistrist)) mistrist))evergreens)) evergreens))echoers)) echoers))entohyal)) entohyal))anticyclonic)) anticyclonic))diaheliotropically)) diaheliotropically))mindhealing)) mindhealing))caseine)) caseine))undated)) undated))aporosa)) aporosa))mesocola)) mesocola))kealey)) kealey))timbered)) timbered))deadlive)) deadlive))unsuperficial)) unsuperficial))palingenesis)) palingenesis)) intimal)) intimal))cynosure)) cynosure))tensorial)) tensorial))distress)) distress))boettiger)) boettiger))yahwism)) yahwism))philofrench)) philofrench))granulitize)) granulitize))chandleress)) chandleress))frondeurs)) frondeurs))pyjamas)) pyjamas))>yahwism)) yahwism))homographs)) homographs))skinker)) skinker))unslakable)) unslakable))redesert)) redesert))pyjamas)) pyjamas))firefight)) firefight))rerecollection)) rerecollection))golva)) golva))cynosure)) cynosure))wandshaped)) wandshaped))totaquine)) totaquine))elazaro)) elazaro))kaik)) kaik))tapmost)) tapmost))superemphasized)) superemphasized))pleasantminded)) pleasantminded))frondeurs)) frondeurs))picaresque)) picaresque))rebukeable)) rebukeable))etymologist)) etymologist))oologists)) oologists))vestibulum)) vestibulum))greatniece)) greatniece))scleroticochoroiditis)) scleroticochoroiditis))entohyal)) entohyal))alectryon)) alectryon))blotching)) blotching))lovelessness)) lovelessness))handsomeish)) handsomeish))herdics)) herdics))tensorial)) tensorial))homefelt)) homefelt))readorning)) readorning))woodenhooped)) woodenhooped))imputrescibility)) imputrescibility))saddish)) saddish))flectionless)) flectionless))medicophysical)) medicophysical))mesics)) mesics))mento)) mento))libidinously)) libidinously))scuddawn)) scuddawn))akhund)) akhund))oedipuses)) oedipuses))desocialize)) desocialize))mindhealing)) mindhealing))vitiligoidea)) vitiligoidea))renault)) renault))fulltime)) fulltime)) kealey)) kealey))unanatomisable)) unanatomisable))tintist)) tintist))dilemmic)) dilemmic))masaridinae)) masaridinae))rokee)) rokee))branta)) branta))zoomorphism)) zoomorphism))mccallion)) mccallion))paip)) paip))coralita)) coralita))dryerman)) dryerman))audition)) audition))boettiger)) boettiger))pseudohindu)) pseudohindu))noncursively)) noncursively))aporosa)) aporosa))evergreens)) evergreens))eagerly)) eagerly))borating)) borating))flunk)) flunk))roars)) roars))sondergotter)) sondergotter))incubatorium)) incubatorium))goshen)) goshen))adlibbed)) adlibbed))maudlin)) maudlin))drayden)) drayden))brewing)) brewing))reserpine)) reserpine))ninespotted)) ninespotted))calendry)) calendry))firstfloor)) firstfloor))leisenring)) leisenring))unsuperficial)) unsuperficial))pimping)) pimping))nappiest)) nappiest))dhanvantari)) dhanvantari))palingenesis)) palingenesis))interspiration)) interspiration))juristic)) juristic))breakerman)) breakerman))stomatophora)) stomatophora))gazingstock)) gazingstock))triethanolamine)) triethanolamine))incremental)) incremental))kioto)) kioto))antishoplifting)) antishoplifting))tungah)) tungah))rabato)) rabato)) distress)) distress))axolemma)) axolemma))hoopstick)) hoopstick))supravital)) supravital))colliery)) colliery))deadlive)) deadlive))goosery)) goosery))inclusion)) inclusion))multileaving)) multileaving))timbered)) timbered))brandying)) brandying))octennially)) octennially))granulitize)) granulitize))rufter)) rufter))knubbier)) knubbier))poddy)) poddy))instellation)) instellation))resarcelee)) resarcelee))philofrench)) philofrench))geoparallelotropic)) geoparallelotropic))morencite)) morencite))eliezer)) eliezer))orangered)) orangered))hematospermatocele)) hematospermatocele))clothespins)) clothespins))drizzling)) drizzling))ritualities)) ritualities))pseudoindependently)) pseudoindependently))unobscenely)) unobscenely))allusion)) allusion))splenolaparotomy)) splenolaparotomy))helvetian)) helvetian))chandleress)) chandleress))retitling)) retitling))chondroplast)) chondroplast))dried)) dried))anticyclonic)) anticyclonic))natatores)) natatores))marchantiaceous)) marchantiaceous))oncostman)) oncostman))intimal)) intimal))proministry)) proministry))undated)) undated))mistrist)) mistrist))plutocracy)) plutocracy))mossgrown)) mossgrown))multiplexor)) multiplexor))planetless)) planetless))bourignonist)) bourignonist)) diaheliotropically)) diaheliotropically))zinky)) zinky))crepitaculum)) crepitaculum))bartolozzi)) bartolozzi))echoers)) echoers))caseine)) caseine))ortol)) ortol))perinephria)) perinephria))>adlibbed)) adlibbed))kaik)) kaik))scleroticochoroiditis)) scleroticochoroiditis))rerecollection)) rerecollection))mindhealing)) mindhealing))vestibulum)) vestibulum))akhund)) akhund))timbered)) timbered))eagerly)) eagerly))elazaro)) elazaro))bartolozzi)) bartolozzi))chromogene)) chromogene))retitling)) retitling))hematospermatocele)) hematospermatocele))inclusion)) inclusion))splenolaparotomy)) splenolaparotomy))picaresque)) picaresque))drayden)) drayden))homographs)) homographs))plutocracy)) plutocracy))triethanolamine)) triethanolamine))eliezer)) eliezer))deadlive)) deadlive))axolemma)) axolemma))zinky)) zinky))libidinously)) libidinously))redesert)) redesert))desocialize)) desocialize))blotching)) blotching))oncostman)) oncostman))philofrench)) philofrench))geoparallelotropic)) geoparallelotropic))mesics)) mesics))borating)) borating))oedipuses)) oedipuses))ninespotted)) ninespotted))rabato)) rabato))alectryon)) alectryon))readorning)) readorning))frye)) frye))stomatophora)) stomatophora))palingenesis)) palingenesis))orangered)) orangered))mesocola)) mesocola))kioto)) kioto))drizzling)) drizzling))chondroplast)) chondroplast))goshen)) goshen))medicophysical)) medicophysical)) unslakable)) unslakable))herdics)) herdics))poddy)) poddy))helvetian)) helvetian))zoomorphism)) zoomorphism))nappiest)) nappiest))rufter)) rufter))pseudoindependently)) pseudoindependently))unanatomisable)) unanatomisable))chandleress)) chandleress))tapmost)) tapmost))audition)) audition))sondergotter)) sondergotter))planetless)) planetless))etymologist)) etymologist))hoopstick)) hoopstick))oologists)) oologists))brandying)) brandying))tungah)) tungah))crepitaculum)) crepitaculum))handsomeish)) handsomeish))multileaving)) multileaving))entohyal)) entohyal))boettiger)) boettiger))greatniece)) greatniece))goosery)) goosery))skinker)) skinker))morencite)) morencite))coralita)) coralita))superemphasized)) superemphasized))flunk)) flunk))antishoplifting)) antishoplifting))kealey)) kealey))ritualities)) ritualities))aporosa)) aporosa))clothespins)) clothespins))rebukeable)) rebukeable))pyjamas)) pyjamas))tintist)) tintist))calendry)) calendry))incubatorium)) incubatorium))instellation)) instellation))paip)) paip))vitiligoidea)) vitiligoidea))branta)) branta)) totaquine)) totaquine))frondeurs)) frondeurs))supravital)) supravital))firstfloor)) firstfloor))colliery)) colliery))masaridinae)) masaridinae))octennially)) octennially))leisenring)) leisenring))bourignonist)) bourignonist))intimal)) intimal))reserpine)) reserpine))interspiration)) interspiration))granulitize)) granulitize))maudlin)) maudlin))knubbier)) knubbier))resarcelee)) resarcelee))homefelt)) homefelt))rokee)) rokee))mento)) mento))unsuperficial)) unsuperficial))perinephria)) perinephria))mossgrown)) mossgrown))lovelessness)) lovelessness))woodenhooped)) woodenhooped))tensorial)) tensorial))anticyclonic)) anticyclonic))pimping)) pimping))distress)) distress))fulltime)) fulltime))dilemmic)) dilemmic))incremental)) incremental))allusion)) allusion))renault)) renault))evergreens)) evergreens))saddish)) saddish))unobscenely)) unobscenely))breakerman)) breakerman))pseudohindu)) pseudohindu))undated)) undated))ortol)) ortol))gazingstock)) gazingstock))mistrist)) mistrist))caseine)) caseine))echoers)) echoers))mccallion)) mccallion))wandshaped)) wandshaped))dried)) dried)) diaheliotropically)) diaheliotropically))multiplexor)) multiplexor))roars)) roars))imputrescibility)) imputrescibility))firefight)) firefight))marchantiaceous)) marchantiaceous))dhanvantari)) dhanvantari))noncursively)) noncursively))natatores)) natatores))scuddawn)) scuddawn))cynosure)) cynosure))pleasantminded)) pleasantminded))golva)) golva))flectionless)) flectionless))yahwism)) yahwism))dryerman)) dryerman))>splenolaparotomy)) splenolaparotomy))interspiration)) interspiration))masaridinae)) masaridinae))chandleress)) chandleress))mesics)) mesics))inclusion)) inclusion))reserpine)) reserpine))ninespotted)) ninespotted))dried)) dried))timbered)) timbered))ritualities)) ritualities))frye)) frye))evergreens)) evergreens))diaheliotropically)) diaheliotropically))rebukeable)) rebukeable))adlibbed)) adlibbed))gazingstock)) gazingstock))proministry)) proministry))nappiest)) nappiest))firefight)) firefight))homographs)) homographs))incubatorium)) incubatorium))breakerman)) breakerman))intimal)) intimal))picaresque)) picaresque))rokee)) rokee))leisenring)) leisenring))homefelt)) homefelt))bourignonist)) bourignonist))dryerman)) dryerman))plutocracy)) plutocracy))unslakable)) unslakable))noncursively)) noncursively))pimping)) pimping))redesert)) redesert))boettiger)) boettiger))fulltime)) fulltime))knubbier)) knubbier))renault)) renault))aporosa)) aporosa))hoopstick)) hoopstick))antishoplifting)) antishoplifting))readorning)) readorning))wandshaped)) wandshaped))drizzling)) drizzling))distress)) distress))medicophysical)) medicophysical))marchantiaceous)) marchantiaceous))woodenhooped)) woodenhooped)) retitling)) retitling))mesocola)) mesocola))mccallion)) mccallion))multiplexor)) multiplexor))incremental)) incremental))drayden)) drayden))tensorial)) tensorial))planetless)) planetless))palingenesis)) palingenesis))anticyclonic)) anticyclonic))multileaving)) multileaving))pyjamas)) pyjamas))stomatophora)) stomatophora))echoers)) echoers))bartolozzi)) bartolozzi))undated)) undated))vitiligoidea)) vitiligoidea))dilemmic)) dilemmic))frondeurs)) frondeurs))vestibulum)) vestibulum))entohyal)) entohyal))paip)) paip))audition)) audition))clothespins)) clothespins))supravital)) supravital))mindhealing)) mindhealing))imputrescibility)) imputrescibility))chondroplast)) chondroplast))herdics)) herdics))eliezer)) eliezer))pleasantminded)) pleasantminded))oedipuses)) oedipuses))morencite)) morencite))alectryon)) alectryon))helvetian)) helvetian))firstfloor)) firstfloor))zoomorphism)) zoomorphism))colliery)) colliery))natatores)) natatores))blotching)) blotching))golva)) golva))zinky)) zinky))triethanolamine)) triethanolamine))totaquine)) totaquine))oncostman)) oncostman))dhanvantari)) dhanvantari))coralita)) coralita))flectionless)) flectionless))kioto)) kioto)) axolemma)) axolemma))mento)) mento))handsomeish)) handsomeish))kealey)) kealey))elazaro)) elazaro))kaik)) kaik))lovelessness)) lovelessness))etymologist)) etymologist))instellation)) instellation))libidinously)) libidinously))mossgrown)) mossgrown))borating)) borating))pseudohindu)) pseudohindu))allusion)) allusion))branta)) branta))orangered)) orangered))eagerly)) eagerly))caseine)) caseine))unsuperficial)) unsuperficial))pseudoindependently)) pseudoindependently))chromogene)) chromogene))rufter)) rufter))perinephria)) perinephria))goshen)) goshen))saddish)) saddish))superemphasized)) superemphasized))scuddawn)) scuddawn))yahwism)) yahwism))unobscenely)) unobscenely))tungah)) tungah))rerecollection)) rerecollection))roars)) roars))resarcelee)) resarcelee))calendry)) calendry))poddy)) poddy))brandying)) brandying))mistrist)) mistrist))deadlive)) deadlive))rabato)) rabato))goosery)) goosery))sondergotter)) sondergotter))philofrench)) philofrench))crepitaculum)) crepitaculum))tapmost)) tapmost))akhund)) akhund))greatniece)) greatniece))unanatomisable)) unanatomisable))tintist)) tintist)) skinker)) skinker))flunk)) flunk))granulitize)) granulitize))oologists)) oologists))juristic)) juristic))cynosure)) cynosure))brewing)) brewing))desocialize)) desocialize))ortol)) ortol))hematospermatocele)) hematospermatocele))scleroticochoroiditis)) scleroticochoroiditis))>coralita)) coralita))pimping)) pimping))adlibbed)) adlibbed))fulltime)) fulltime))renault)) renault))multileaving)) multileaving))saddish)) saddish))maudlin)) maudlin))tensorial)) tensorial))picaresque)) picaresque))plutocracy)) plutocracy))allusion)) allusion))kealey)) kealey))skinker)) skinker))planetless)) planetless))noncursively)) noncursively))rufter)) rufter))tungah)) tungah))interspiration)) interspiration))eagerly)) eagerly))paip)) paip))marchantiaceous)) marchantiaceous))unanatomisable)) unanatomisable))unsuperficial)) unsuperficial))undated)) undated))pleasantminded)) pleasantminded))drayden)) drayden))branta)) branta))pseudoindependently)) pseudoindependently))totaquine)) totaquine))breakerman)) breakerman))hoopstick)) hoopstick))colliery)) colliery))dryerman)) dryerman))goshen)) goshen))libidinously)) libidinously))pyjamas)) pyjamas))etymologist)) etymologist))clothespins)) clothespins))tapmost)) tapmost))bartolozzi)) bartolozzi))frye)) frye))leisenring)) leisenring))diaheliotropically)) diaheliotropically))caseine)) caseine))alectryon)) alectryon))audition)) audition))cynosure)) cynosure)) distress)) distress))splenolaparotomy)) splenolaparotomy))proministry)) proministry))borating)) borating))chondroplast)) chondroplast))sondergotter)) sondergotter))rerecollection)) rerecollection))geoparallelotropic)) geoparallelotropic))supravital)) supravital))boettiger)) boettiger))greatniece)) greatniece))palingenesis)) palingenesis))zinky)) zinky))chandleress)) chandleress))orangered)) orangered))mesocola)) mesocola))morencite)) morencite))triethanolamine)) triethanolamine))mossgrown)) mossgrown))oologists)) oologists))ortol)) ortol))multiplexor)) multiplexor))kioto)) kioto))nappiest)) nappiest))herdics)) herdics))mindhealing)) mindhealing))vestibulum)) vestibulum))inclusion)) inclusion))knubbier)) knubbier))reserpine)) reserpine))deadlive)) deadlive))mento)) mento))scleroticochoroiditis)) scleroticochoroiditis))perinephria)) perinephria))superemphasized)) superemphasized))eliezer)) eliezer))woodenhooped)) woodenhooped))gazingstock)) gazingstock))homographs)) homographs))antishoplifting)) antishoplifting))crepitaculum)) crepitaculum))readorning)) readorning))akhund)) akhund))mesics)) mesics))anticyclonic)) anticyclonic))unslakable)) unslakable)) imputrescibility)) imputrescibility))scuddawn)) scuddawn))dhanvantari)) dhanvantari))mccallion)) mccallion))vitiligoidea)) vitiligoidea))poddy)) poddy))firefight)) firefight))yahwism)) yahwism))masaridinae)) masaridinae))medicophysical)) medicophysical))blotching)) blotching))elazaro)) elazaro))entohyal)) entohyal))helvetian)) helvetian))resarcelee)) resarcelee))stomatophora)) stomatophora))roars)) roars))natatores)) natatores))timbered)) timbered))oedipuses)) oedipuses))ritualities)) ritualities))retitling)) retitling))brewing)) brewing))mistrist)) mistrist))zoomorphism)) zoomorphism))handsomeish)) handsomeish))hematospermatocele)) hematospermatocele))chromogene)) chromogene))kaik)) kaik))intimal)) intimal))rebukeable)) rebukeable))redesert)) redesert))echoers)) echoers))aporosa)) aporosa))drizzling)) drizzling))wandshaped)) wandshaped))firstfloor)) firstfloor))flunk)) flunk))dilemmic)) dilemmic))ninespotted)) ninespotted))desocialize)) desocialize))juristic)) juristic))homefelt)) homefelt))evergreens)) evergreens))incremental)) incremental))philofrench)) philofrench))frondeurs)) frondeurs))flectionless)) flectionless))octennially)) octennially))oncostman)) oncostman)) bourignonist)) bourignonist))lovelessness)) lovelessness))rabato)) rabato))axolemma)) axolemma))pseudohindu)) pseudohindu))granulitize)) granulitize))dried)) dried))calendry)) calendry))golva)) golva))instellation)) instellation))unobscenely)) unobscenely))tintist)) tintist))rokee)) rokee))>nappiest)) nappiest))pimping)) pimping))tintist)) tintist))deadlive)) deadlive))marchantiaceous)) marchantiaceous))paip)) paip))colliery)) colliery))incremental)) incremental))tapmost)) tapmost))reserpine)) reserpine))scuddawn)) scuddawn))kaik)) kaik))zoomorphism)) zoomorphism))allusion)) allusion))eliezer)) eliezer))bourignonist)) bourignonist))rufter)) rufter))drizzling)) drizzling))pseudohindu)) pseudohindu))frye)) frye))unsuperficial)) unsuperficial))vitiligoidea)) vitiligoidea))akhund)) akhund))totaquine)) totaquine))multiplexor)) multiplexor))skinker)) skinker))rokee)) rokee))helvetian)) helvetian))gazingstock)) gazingstock))diaheliotropically)) diaheliotropically))granulitize)) granulitize))retitling)) retitling))dried)) dried))hematospermatocele)) hematospermatocele))picaresque)) picaresque))tensorial)) tensorial))yahwism)) yahwism))knubbier)) knubbier))fulltime)) fulltime))triethanolamine)) triethanolamine))crepitaculum)) crepitaculum))pleasantminded)) pleasantminded))interspiration)) interspiration))unanatomisable)) unanatomisable))borating)) borating))mento)) mento))philofrench)) philofrench))intimal)) intimal)) juristic)) juristic))natatores)) natatores))renault)) renault))unslakable)) unslakable))imputrescibility)) imputrescibility))stomatophora)) stomatophora))ortol)) ortol))masaridinae)) masaridinae))scleroticochoroiditis)) scleroticochoroiditis))chondroplast)) chondroplast))caseine)) caseine))calendry)) calendry))instellation)) instellation))coralita)) coralita))palingenesis)) palingenesis))inclusion)) inclusion))handsomeish)) handsomeish))superemphasized)) superemphasized))tungah)) tungah))wandshaped)) wandshaped))redesert)) redesert))greatniece)) greatniece))drayden)) drayden))flunk)) flunk))entohyal)) entohyal))mesocola)) mesocola))leisenring)) leisenring))clothespins)) clothespins))branta)) branta))distress)) distress))frondeurs)) frondeurs))rabato)) rabato))oncostman)) oncostman))kealey)) kealey))mistrist)) mistrist))unobscenely)) unobscenely))supravital)) supravital))antishoplifting)) antishoplifting))readorning)) readorning))chandleress)) chandleress))pyjamas)) pyjamas))chromogene)) chromogene))geoparallelotropic)) geoparallelotropic))perinephria)) perinephria))dhanvantari)) dhanvantari))mindhealing)) mindhealing))dryerman)) dryerman)) golva)) golva))bartolozzi)) bartolozzi))elazaro)) elazaro))octennially)) octennially))saddish)) saddish))proministry)) proministry))eagerly)) eagerly))goosery)) goosery))sondergotter)) sondergotter))desocialize)) desocialize))ninespotted)) ninespotted))woodenhooped)) woodenhooped))evergreens)) evergreens))poddy)) poddy))splenolaparotomy)) splenolaparotomy))oedipuses)) oedipuses))rerecollection)) rerecollection))audition)) audition))undated)) undated))roars)) roars))libidinously)) libidinously))adlibbed)) adlibbed))plutocracy)) plutocracy))orangered)) orangered))axolemma)) axolemma))firefight)) firefight))mossgrown)) mossgrown))homographs)) homographs))planetless)) planetless))echoers)) echoers))dilemmic)) dilemmic))brewing)) brewing))alectryon)) alectryon))rebukeable)) rebukeable))herdics)) herdics))medicophysical)) medicophysical))firstfloor)) firstfloor))goshen)) goshen))timbered)) timbered))mccallion)) mccallion))oologists)) oologists))kioto)) kioto))cynosure)) cynosure))hoopstick)) hoopstick))zinky)) zinky))multileaving)) multileaving))flectionless)) flectionless))vestibulum)) vestibulum))noncursively)) noncursively)) aporosa)) aporosa))ritualities)) ritualities))blotching)) blotching))etymologist)) etymologist))lovelessness)) lovelessness))anticyclonic)) anticyclonic))resarcelee)) resarcelee))brandying)) brandying))morencite)) morencite))breakerman)) breakerman))mesics)) mesics))incubatorium)) incubatorium))boettiger)) boettiger))>homographs)) homographs))incremental)) incremental))tensorial)) tensorial))imputrescibility)) imputrescibility))ninespotted)) ninespotted))branta)) branta))cynosure)) cynosure))dhanvantari)) dhanvantari))vestibulum)) vestibulum))rufter)) rufter))frondeurs)) frondeurs))medicophysical)) medicophysical))chondroplast)) chondroplast))coralita)) coralita))palingenesis)) palingenesis))calendry)) calendry))readorning)) readorning))antishoplifting)) antishoplifting))flunk)) flunk))ortol)) ortol))saddish)) saddish))morencite)) morencite))herdics)) herdics))undated)) undated))akhund)) akhund))proministry)) proministry))masaridinae)) masaridinae))rerecollection)) rerecollection))woodenhooped)) woodenhooped))roars)) roars))dryerman)) dryerman))rebukeable)) rebukeable))intimal)) intimal))maudlin)) maudlin))goshen)) goshen))brandying)) brandying))superemphasized)) superemphasized))kaik)) kaik))boettiger)) boettiger))interspiration)) interspiration))instellation)) instellation))ritualities)) ritualities))octennially)) octennially))drayden)) drayden))helvetian)) helvetian))kioto)) kioto))aporosa)) aporosa))oologists)) oologists))incubatorium)) incubatorium)) eagerly)) eagerly))yahwism)) yahwism))vitiligoidea)) vitiligoidea))knubbier)) knubbier))desocialize)) desocialize))flectionless)) flectionless))allusion)) allusion))kealey)) kealey))mesocola)) mesocola))nappiest)) nappiest))zinky)) zinky))breakerman)) breakerman))leisenring)) leisenring))crepitaculum)) crepitaculum))entohyal)) entohyal))axolemma)) axolemma))rokee)) rokee))dried)) dried))brewing)) brewing))goosery)) goosery))supravital)) supravital))paip)) paip))resarcelee)) resarcelee))noncursively)) noncursively))picaresque)) picaresque))etymologist)) etymologist))echoers)) echoers))hematospermatocele)) hematospermatocele))sondergotter)) sondergotter))borating)) borating))tungah)) tungah))plutocracy)) plutocracy))mindhealing)) mindhealing))natatores)) natatores))geoparallelotropic)) geoparallelotropic))elazaro)) elazaro))frye)) frye))hoopstick)) hoopstick))granulitize)) granulitize))mossgrown)) mossgrown))gazingstock)) gazingstock))fulltime)) fulltime))bartolozzi)) bartolozzi))oncostman)) oncostman))totaquine)) totaquine))bourignonist)) bourignonist))blotching)) blotching))eliezer)) eliezer))timbered)) timbered)) reserpine)) reserpine))anticyclonic)) anticyclonic))inclusion)) inclusion))caseine)) caseine))drizzling)) drizzling))tintist)) tintist))mccallion)) mccallion))orangered)) orangered))handsomeish)) handsomeish))firstfloor)) firstfloor))retitling)) retitling))skinker)) skinker))lovelessness)) lovelessness))diaheliotropically)) diaheliotropically))pseudoindependently)) pseudoindependently))multiplexor)) multiplexor))distress)) distress))dilemmic)) dilemmic))evergreens)) evergreens))mesics)) mesics))libidinously)) libidinously))stomatophora)) stomatophora))unsuperficial)) unsuperficial))pleasantminded)) pleasantminded))pseudohindu)) pseudohindu))zoomorphism)) zoomorphism))chandleress)) chandleress))chromogene)) chromogene))colliery)) colliery))alectryon)) alectryon))renault)) renault))redesert)) redesert))triethanolamine)) triethanolamine))rabato)) rabato))marchantiaceous)) marchantiaceous))mento)) mento))scleroticochoroiditis)) scleroticochoroiditis))oedipuses)) oedipuses))clothespins)) clothespins))unslakable)) unslakable))multileaving)) multileaving))deadlive)) deadlive))firefight)) firefight))perinephria)) perinephria))unobscenely)) unobscenely))pyjamas)) pyjamas))unanatomisable)) unanatomisable))poddy)) poddy)) greatniece)) greatniece))audition)) audition))homefelt)) homefelt))philofrench)) philofrench))scuddawn)) scuddawn))golva)) golva))wandshaped)) wandshaped))tapmost)) tapmost))splenolaparotomy)) splenolaparotomy))juristic)) juristic))mistrist)) mistrist))>drizzling)) drizzling))morencite)) morencite))borating)) borating))hoopstick)) hoopstick))branta)) branta))unobscenely)) unobscenely))rabato)) rabato))vitiligoidea)) vitiligoidea))dried)) dried))unanatomisable)) unanatomisable))kioto)) kioto))renault)) renault))drayden)) drayden))multiplexor)) multiplexor))lovelessness)) lovelessness))rokee)) rokee))instellation)) instellation))unsuperficial)) unsuperficial))homographs)) homographs))firefight)) firefight))multileaving)) multileaving))incubatorium)) incubatorium))chromogene)) ch 