 twiceelected>> twiceelected>>spouters>> spouters>>chernobyl>> chernobyl>>overdilated>> overdilated>>revelers>> revelers>>czajer>> czajer>>circummuring>> circummuring>>epimeres>> epimeres>>uninfringeable>> uninfringeable>>phylon>> phylon>>conjunctural>> conjunctural>>ichthyol>> ichthyol>>serpentstone>> serpentstone>>basiparaplastin>> basiparaplastin>>dullhead>> dullhead>>azophenylene>> azophenylene>>sladang>> sladang>>walshville>> walshville>>chirimoya>> chirimoya>>overshowered>> overshowered>>ravenwood>> ravenwood>>reconvened>> reconvened>>galvanopuncture>> galvanopuncture>>calzones>> calzones>>squarerigger>> squarerigger>>cureless>> cureless>>corytuberine>> corytuberine>>biogenetically>> biogenetically>>delineation>> delineation>>mitoses>> mitoses>>abrosias>> abrosias>>kimberli>> kimberli>>necropsying>> necropsying>>twicevoted>> twicevoted>>septembrist>> septembrist>>noncollegiate>> noncollegiate>>sudoriferousness>> sudoriferousness>>vulturism>> vulturism>>fas>> fas>>strainslip>> strainslip>>understanded>> understanded>>kamelaukia>> kamelaukia>>mesethmoidal>> mesethmoidal>>budgeter>> budgeter>>waldmeister>> waldmeister>>handwrote>> handwrote>>stupendly>> stupendly>> cubiculary>> cubiculary>>ameed>> ameed>>desiderable>> desiderable>>cogged>> cogged>>blane>> blane>>healthfulness>> healthfulness>>chronosemic>> chronosemic>>astronomically>> astronomically>>authorizing>> authorizing>>waapa>> waapa>>atone>> atone>>circumrotate>> circumrotate>>nonacquiescence>> nonacquiescence>>postgraduates>> postgraduates>>kittul>> kittul>>traer>> traer>>arachnology>> arachnology>>toledo>> toledo>>tapermolded>> tapermolded>>nary>> nary>>sheepweed>> sheepweed>>frondous>> frondous>>sadists>> sadists>>endorsement>> endorsement>>materiel>> materiel>>sestiad>> sestiad>>tintless>> tintless>>flanes>> flanes>>nonstimulative>> nonstimulative>>leucaeus>> leucaeus>>hyperterrestrial>> hyperterrestrial>>triplicities>> triplicities>>nornorwest>> nornorwest>>obdeltoid>> obdeltoid>>cancrid>> cancrid>>gesticulative>> gesticulative>>organochordium>> organochordium>>baiters>> baiters>>feebleheartedness>> feebleheartedness>>terton>> terton>>aphidius>> aphidius>>emendandum>> emendandum>>romescot>> romescot>>gloomed>> gloomed>>viborg>> viborg>>paulicianism>> paulicianism>>soloed>> soloed>>fates>> fates>>angloasiatic>> angloasiatic>> climate>> climate>>physicalities>> physicalities>>phorid>> phorid>>bonetail>> bonetail>>diplospondyli>> diplospondyli>>quasimaliciously>> quasimaliciously>>demonetizes>> demonetizes>>nastinesses>> nastinesses>>umbellula>> umbellula>>bimastism>> bimastism>>gabert>> gabert>>vicebegotten>> vicebegotten>>maternalized>> maternalized>>caponiere>> caponiere>>anointing>> anointing>>dicers>> dicers>>pinchfist>> pinchfist>>ryan>> ryan>>costata>> costata>>untrainedness>> untrainedness>>terryl>> terryl>>kindredship>> kindredship>>beadle>> beadle>>gallicanism>> gallicanism>>arricci>> arricci>>cocktailed>> cocktailed>>amana>> amana>>joual>> joual>>pulicide>> pulicide>>mackinaws>> mackinaws>>zingani>> zingani>>unbattling>> unbattling>>patton>> patton>>unsupercilious>> unsupercilious>>holoparasitic>> holoparasitic>>daphnia>> daphnia>>septogerm>> septogerm>>physiques>> physiques>>cowk>> cowk>>conventioner>> conventioner>>pallier>> pallier>>luiza>> luiza>>pseudotetrameral>> pseudotetrameral>>dietetist>> dietetist>>engulfs>> engulfs>>squinted>> squinted>>bipartisanism>> bipartisanism>>preexistentiary>> preexistentiary>> unintensively>> unintensively>>habits>> habits>>rebud>> rebud>>caquetoires>> caquetoires>>turgors>> turgors>>unministerially>> unministerially>>herrings>> herrings>>foul>> foul>>lyerly>> lyerly>>miscommunicate>> miscommunicate>>unwrung>> unwrung>>mantlerock>> mantlerock>>divans>> divans>>keeperless>> keeperless>>lewdnesses>> lewdnesses>>gravevisaged>> gravevisaged>>gradgrind>> gradgrind>>cancrisocial>> cancrisocial>>trundleshot>> trundleshot>>alantolic>> alantolic>>nondedication>> nondedication>>semifrater>> semifrater>>peacefullest>> peacefullest>>filmers>> filmers>>fique>> fique>>noxial>> noxial>>murids>> murids>>abstemiously>> abstemiously>>chrysolitic>> chrysolitic>>outpulled>> outpulled>>molossic>> molossic>>trass>> trass>>saussure>> saussure>>ungeodetically>> ungeodetically>>uncollectibles>> uncollectibles>>toddite>> toddite>>lexigraphic>> lexigraphic>>nyctitropic>> nyctitropic>>thyreoidean>> thyreoidean>>dactylus>> dactylus>>>strainslip>> strainslip>>chipped>> chipped>>handwrote>> handwrote>>mitoses>> mitoses>>umbellula>> umbellula>>septembrist>> septembrist>>astronomically>> astronomically>>biogenetically>> biogenetically>>chirimoya>> chirimoya>>arricci>> arricci>>blane>> blane>>atone>> atone>>cancrid>> cancrid>>nyctitropic>> nyctitropic>>triplicities>> triplicities>>bonetail>> bonetail>>gloomed>> gloomed>>kindredship>> kindredship>>abstemiously>> abstemiously>>aphidius>> aphidius>>kittul>> kittul>>turgors>> turgors>>nonacquiescence>> nonacquiescence>>fates>> fates>>galvanopuncture>> galvanopuncture>>leucaeus>> leucaeus>>kamelaukia>> kamelaukia>>bimastism>> bimastism>>trass>> trass>>terryl>> terryl>>semifrater>> semifrater>>necropsying>> necropsying>>postgraduates>> postgraduates>>diplospondyli>> diplospondyli>>sheepweed>> sheepweed>>caponiere>> caponiere>>ameed>> ameed>>pallier>> pallier>>revelers>> revelers>>desiderable>> desiderable>>circummuring>> circummuring>>paulicianism>> paulicianism>>noncollegiate>> noncollegiate>>authorizing>> authorizing>>chrysolitic>> chrysolitic>> uninfringeable>> uninfringeable>>physicalities>> physicalities>>squarerigger>> squarerigger>>ryan>> ryan>>serpentstone>> serpentstone>>corytuberine>> corytuberine>>twiceelected>> twiceelected>>trundleshot>> trundleshot>>chernobyl>> chernobyl>>tintless>> tintless>>patton>> patton>>delineation>> delineation>>unwrung>> unwrung>>terton>> terton>>disqualifying>> disqualifying>>maternalized>> maternalized>>squinted>> squinted>>lyerly>> lyerly>>daphnia>> daphnia>>preexistentiary>> preexistentiary>>dietetist>> dietetist>>lexigraphic>> lexigraphic>>endorsement>> endorsement>>dullhead>> dullhead>>twicevoted>> twicevoted>>gesticulative>> gesticulative>>ravenwood>> ravenwood>>miscommunicate>> miscommunicate>>romescot>> romescot>>budgeter>> budgeter>>unsupercilious>> unsupercilious>>anointing>> anointing>>keeperless>> keeperless>>gradgrind>> gradgrind>>sladang>> sladang>>flanes>> flanes>>beadle>> beadle>>filmers>> filmers>>obdeltoid>> obdeltoid>>vicebegotten>> vicebegotten>>dicers>> dicers>>nonstimulative>> nonstimulative>>divans>> divans>>luiza>> luiza>>calzones>> calzones>>toddite>> toddite>>feebleheartedness>> feebleheartedness>> molossic>> molossic>>czajer>> czajer>>thyreoidean>> thyreoidean>>epimeres>> epimeres>>cubiculary>> cubiculary>>bipartisanism>> bipartisanism>>soloed>> soloed>>caquetoires>> caquetoires>>nastinesses>> nastinesses>>uncollectibles>> uncollectibles>>waapa>> waapa>>pseudotetrameral>> pseudotetrameral>>nornorwest>> nornorwest>>gravevisaged>> gravevisaged>>organochordium>> organochordium>>climate>> climate>>circumrotate>> circumrotate>>nondedication>> nondedication>>outpulled>> outpulled>>conventioner>> conventioner>>understanded>> understanded>>conjunctural>> conjunctural>>dactylus>> dactylus>>costata>> costata>>pulicide>> pulicide>>cogged>> cogged>>engulfs>> engulfs>>quasimaliciously>> quasimaliciously>>phylon>> phylon>>lewdnesses>> lewdnesses>>ungeodetically>> ungeodetically>>azophenylene>> azophenylene>>cancrisocial>> cancrisocial>>fique>> fique>>physiques>> physiques>>amana>> amana>>emendandum>> emendandum>>abrosias>> abrosias>>septogerm>> septogerm>>spouters>> spouters>>unbattling>> unbattling>>overshowered>> overshowered>>hyperterrestrial>> hyperterrestrial>>untrainedness>> untrainedness>>gallicanism>> gallicanism>> holoparasitic>> holoparasitic>>viborg>> viborg>>vulturism>> vulturism>>joual>> joual>>overdilated>> overdilated>>chronosemic>> chronosemic>>sadists>> sadists>>traer>> traer>>phorid>> phorid>>pinchfist>> pinchfist>>healthfulness>> healthfulness>>tapermolded>> tapermolded>>baiters>> baiters>>polyglobulism>> polyglobulism>>stupendly>> stupendly>>kimberli>> kimberli>>herrings>> herrings>>angloasiatic>> angloasiatic>>arachnology>> arachnology>>unintensively>> unintensively>>mantlerock>> mantlerock>>noxial>> noxial>>alantolic>> alantolic>>cowk>> cowk>>materiel>> materiel>>walshville>> walshville>>waldmeister>> waldmeister>>frondous>> frondous>>murids>> murids>>fas>> fas>>unministerially>> unministerially>>ichthyol>> ichthyol>>gabert>> gabert>>foul>> foul>>nary>> nary>>demonetizes>> demonetizes>>cocktailed>> cocktailed>>zingani>> zingani>>basiparaplastin>> basiparaplastin>>mesethmoidal>> mesethmoidal>>sudoriferousness>> sudoriferousness>>sestiad>> sestiad>>cureless>> cureless>>toledo>> toledo>>saussure>> saussure>>mackinaws>> mackinaws>> >unbattling>> unbattling>>fas>> fas>>blane>> blane>>maternalized>> maternalized>>herrings>> herrings>>walshville>> walshville>>abrosias>> abrosias>>costata>> costata>>sheepweed>> sheepweed>>gesticulative>> gesticulative>>vicebegotten>> vicebegotten>>circumrotate>> circumrotate>>twicevoted>> twicevoted>>czajer>> czajer>>bonetail>> bonetail>>patton>> patton>>kimberli>> kimberli>>overshowered>> overshowered>>reconvened>> reconvened>>toddite>> toddite>>feebleheartedness>> feebleheartedness>>terryl>> terryl>>materiel>> materiel>>unwrung>> unwrung>>molossic>> molossic>>gallicanism>> gallicanism>>angloasiatic>> angloasiatic>>pseudotetrameral>> pseudotetrameral>>semifrater>> semifrater>>understanded>> understanded>>ungeodetically>> ungeodetically>>azophenylene>> azophenylene>>caquetoires>> caquetoires>>cocktailed>> cocktailed>>zingani>> zingani>>bimastism>> bimastism>>overdilated>> overdilated>>traer>> traer>>chirimoya>> chirimoya>>rebud>> rebud>>pinchfist>> pinchfist>>foul>> foul>>unsupercilious>> unsupercilious>>noxial>> noxial>>tapermolded>> tapermolded>>frondous>> frondous>>divans>> divans>>aphidius>> aphidius>>peacefullest>> peacefullest>>unintensively>> unintensively>> phorid>> phorid>>gradgrind>> gradgrind>>stupendly>> stupendly>>chrysolitic>> chrysolitic>>endorsement>> endorsement>>sestiad>> sestiad>>phylon>> phylon>>bipartisanism>> bipartisanism>>septembrist>> septembrist>>tintless>> tintless>>mackinaws>> mackinaws>>galvanopuncture>> galvanopuncture>>terton>> terton>>mesethmoidal>> mesethmoidal>>septogerm>> septogerm>>fique>> fique>>triplicities>> triplicities>>chipped>> chipped>>twiceelected>> twiceelected>>dactylus>> dactylus>>cureless>> cureless>>kittul>> kittul>>cogged>> cogged>>leucaeus>> leucaeus>>basiparaplastin>> basiparaplastin>>pallier>> pallier>>turgors>> turgors>>desiderable>> desiderable>>dicers>> dicers>>uncollectibles>> uncollectibles>>umbellula>> umbellula>>kamelaukia>> kamelaukia>>luiza>> luiza>>healthfulness>> healthfulness>>gabert>> gabert>>trass>> trass>>dullhead>> dullhead>>soloed>> soloed>>cowk>> cowk>>sudoriferousness>> sudoriferousness>>ichthyol>> ichthyol>>cancrisocial>> cancrisocial>>conjunctural>> conjunctural>>caponiere>> caponiere>>daphnia>> daphnia>>untrainedness>> untrainedness>>keeperless>> keeperless>>toledo>> toledo>>filmers>> filmers>> climate>> climate>>nonstimulative>> nonstimulative>>ryan>> ryan>>demonetizes>> demonetizes>>biogenetically>> biogenetically>>postgraduates>> postgraduates>>nondedication>> nondedication>>ravenwood>> ravenwood>>squarerigger>> squarerigger>>polyglobulism>> polyglobulism>>engulfs>> engulfs>>astronomically>> astronomically>>organochordium>> organochordium>>abstemiously>> abstemiously>>fates>> fates>>cubiculary>> cubiculary>>unministerially>> unministerially>>saussure>> saussure>>dietetist>> dietetist>>nyctitropic>> nyctitropic>>trundleshot>> trundleshot>>romescot>> romescot>>obdeltoid>> obdeltoid>>kindredship>> kindredship>>miscommunicate>> miscommunicate>>nornorwest>> nornorwest>>ameed>> ameed>>paulicianism>> paulicianism>>baiters>> baiters>>amana>> amana>>strainslip>> strainslip>>arricci>> arricci>>habits>> habits>>nonacquiescence>> nonacquiescence>>revelers>> revelers>>holoparasitic>> holoparasitic>>pulicide>> pulicide>>cancrid>> cancrid>>anointing>> anointing>>chernobyl>> chernobyl>>atone>> atone>>alantolic>> alantolic>>lewdnesses>> lewdnesses>>sadists>> sadists>>authorizing>> authorizing>>gloomed>> gloomed>>noncollegiate>> noncollegiate>>outpulled>> outpulled>>epimeres>> epimeres>>joual>> joual>> mantlerock>> mantlerock>>mitoses>> mitoses>>nary>> nary>>spouters>> spouters>>circummuring>> circummuring>>budgeter>> budgeter>>physicalities>> physicalities>>corytuberine>> corytuberine>>uninfringeable>> uninfringeable>>diplospondyli>> diplospondyli>>hyperterrestrial>> hyperterrestrial>>physiques>> physiques>>squinted>> squinted>>serpentstone>> serpentstone>>necropsying>> necropsying>>vulturism>> vulturism>>sladang>> sladang>>handwrote>> handwrote>>nastinesses>> nastinesses>>calzones>> calzones>>waldmeister>> waldmeister>>conventioner>> conventioner>>emendandum>> emendandum>>chronosemic>> chronosemic>>thyreoidean>> thyreoidean>>flanes>> flanes>>disqualifying>> disqualifying>>delineation>> delineation>>lyerly>> lyerly>>murids>> murids>>gravevisaged>> gravevisaged>>beadle>> beadle>>viborg>> viborg>>lexigraphic>> lexigraphic>>waapa>> waapa>>>authorizing>> authorizing>>sestiad>> sestiad>>costata>> costata>>sladang>> sladang>>joual>> joual>>paulicianism>> paulicianism>>chronosemic>> chronosemic>>caquetoires>> caquetoires>>lyerly>> lyerly>>terton>> terton>>phorid>> phorid>>gradgrind>> gradgrind>>demonetizes>> demonetizes>>circummuring>> circummuring>>waldmeister>> waldmeister>>dullhead>> dullhead>>kimberli>> kimberli>>toddite>> toddite>>miscommunicate>> miscommunicate>>umbellula>> umbellula>>foul>> foul>>ryan>> ryan>>disqualifying>> disqualifying>>viborg>> viborg>>dicers>> dicers>>trundleshot>> trundleshot>>zingani>> zingani>>nonacquiescence>> nonacquiescence>>materiel>> materiel>>galvanopuncture>> galvanopuncture>>strainslip>> strainslip>>ameed>> ameed>>postgraduates>> postgraduates>>astronomically>> astronomically>>cocktailed>> cocktailed>>diplospondyli>> diplospondyli>>kittul>> kittul>>sudoriferousness>> sudoriferousness>>twicevoted>> twicevoted>>obdeltoid>> obdeltoid>>walshville>> walshville>>organochordium>> organochordium>>endorsement>> endorsement>>turgors>> turgors>>necropsying>> necropsying>>traer>> traer>>sheepweed>> sheepweed>>nastinesses>> nastinesses>> budgeter>> budgeter>>ungeodetically>> ungeodetically>>stupendly>> stupendly>>spouters>> spouters>>rebud>> rebud>>conjunctural>> conjunctural>>arricci>> arricci>>patton>> patton>>nondedication>> nondedication>>gabert>> gabert>>daphnia>> daphnia>>habits>> habits>>serpentstone>> serpentstone>>pallier>> pallier>>chrysolitic>> chrysolitic>>ichthyol>> ichthyol>>mackinaws>> mackinaws>>corytuberine>> corytuberine>>cubiculary>> cubiculary>>twiceelected>> twiceelected>>tintless>> tintless>>nary>> nary>>mesethmoidal>> mesethmoidal>>uninfringeable>> uninfringeable>>maternalized>> maternalized>>filmers>> filmers>>unwrung>> unwrung>>dietetist>> dietetist>>vicebegotten>> vicebegotten>>lewdnesses>> lewdnesses>>bipartisanism>> bipartisanism>>luiza>> luiza>>dactylus>> dactylus>>uncollectibles>> uncollectibles>>pulicide>> pulicide>>calzones>> calzones>>alantolic>> alantolic>>angloasiatic>> angloasiatic>>flanes>> flanes>>murids>> murids>>untrainedness>> untrainedness>>anointing>> anointing>>atone>> atone>>revelers>> revelers>>noxial>> noxial>>amana>> amana>>molossic>> molossic>>abrosias>> abrosias>>desiderable>> desiderable>> keeperless>> keeperless>>hyperterrestrial>> hyperterrestrial>>preexistentiary>> preexistentiary>>trass>> trass>>squarerigger>> squarerigger>>leucaeus>> leucaeus>>mitoses>> mitoses>>cancrid>> cancrid>>waapa>> waapa>>nyctitropic>> nyctitropic>>feebleheartedness>> feebleheartedness>>healthfulness>> healthfulness>>fas>> fas>>outpulled>> outpulled>>cureless>> cureless>>cancrisocial>> cancrisocial>>chipped>> chipped>>chernobyl>> chernobyl>>lexigraphic>> lexigraphic>>climate>> climate>>gallicanism>> gallicanism>>conventioner>> conventioner>>fique>> fique>>blane>> blane>>polyglobulism>> polyglobulism>>delineation>> delineation>>aphidius>> aphidius>>pinchfist>> pinchfist>>circumrotate>> circumrotate>>phylon>> phylon>>fates>> fates>>overshowered>> overshowered>>physicalities>> physicalities>>thyreoidean>> thyreoidean>>handwrote>> handwrote>>nornorwest>> nornorwest>>czajer>> czajer>>kindredship>> kindredship>>gesticulative>> gesticulative>>unministerially>> unministerially>>squinted>> squinted>>gloomed>> gloomed>>reconvened>> reconvened>>understanded>> understanded>>saussure>> saussure>>nonstimulative>> nonstimulative>>gravevisaged>> gravevisaged>>ravenwood>> ravenwood>>biogenetically>> biogenetically>>epimeres>> epimeres>> semifrater>> semifrater>>herrings>> herrings>>terryl>> terryl>>toledo>> toledo>>cowk>> cowk>>peacefullest>> peacefullest>>noncollegiate>> noncollegiate>>triplicities>> triplicities>>vulturism>> vulturism>>tapermolded>> tapermolded>>soloed>> soloed>>bimastism>> bimastism>>overdilated>> overdilated>>chirimoya>> chirimoya>>unbattling>> unbattling>>sadists>> sadists>>unsupercilious>> unsupercilious>>beadle>> beadle>>unintensively>> unintensively>>romescot>> romescot>>holoparasitic>> holoparasitic>>physiques>> physiques>>cogged>> cogged>>engulfs>> engulfs>>bonetail>> bonetail>>emendandum>> emendandum>>frondous>> frondous>>basiparaplastin>> basiparaplastin>>caponiere>> caponiere>>quasimaliciously>> quasimaliciously>>azophenylene>> azophenylene>>arachnology>> arachnology>>kamelaukia>> kamelaukia>>mantlerock>> mantlerock>>baiters>> baiters>>pseudotetrameral>> pseudotetrameral>>septogerm>> septogerm>>>disqualifying>> disqualifying>>fique>> fique>>dactylus>> dactylus>>budgeter>> budgeter>>umbellula>> umbellula>>lewdnesses>> lewdnesses>>murids>> murids>>divans>> divans>>keeperless>> keeperless>>gallicanism>> gallicanism>>gesticulative>> gesticulative>>uninfringeable>> uninfringeable>>diplospondyli>> diplospondyli>>dietetist>> dietetist>>pallier>> pallier>>vulturism>> vulturism>>abstemiously>> abstemiously>>organochordium>> organochordium>>costata>> costata>>preexistentiary>> preexistentiary>>abrosias>> abrosias>>engulfs>> engulfs>>corytuberine>> corytuberine>>patton>> patton>>uncollectibles>> uncollectibles>>lyerly>> lyerly>>sadists>> sadists>>fates>> fates>>ungeodetically>> ungeodetically>>ameed>> ameed>>nyctitropic>> nyctitropic>>vicebegotten>> vicebegotten>>overdilated>> overdilated>>atone>> atone>>nonstimulative>> nonstimulative>>viborg>> viborg>>angloasiatic>> angloasiatic>>nornorwest>> nornorwest>>noncollegiate>> noncollegiate>>lexigraphic>> lexigraphic>>cancrisocial>> cancrisocial>>unsupercilious>> unsupercilious>>circumrotate>> circumrotate>>twicevoted>> twicevoted>>zingani>> zingani>>chipped>> chipped>>cocktailed>> cocktailed>> daphnia>> daphnia>>materiel>> materiel>>herrings>> herrings>>necropsying>> necropsying>>septogerm>> septogerm>>unministerially>> unministerially>>molossic>> molossic>>nary>> nary>>squinted>> squinted>>twiceelected>> twiceelected>>basiparaplastin>> basiparaplastin>>revelers>> revelers>>gradgrind>> gradgrind>>alantolic>> alantolic>>chronosemic>> chronosemic>>unbattling>> unbattling>>trass>> trass>>nondedication>> nondedication>>bimastism>> bimastism>>cowk>> cowk>>leucaeus>> leucaeus>>quasimaliciously>> quasimaliciously>>phylon>> phylon>>physiques>> physiques>>triplicities>> triplicities>>paulicianism>> paulicianism>>phorid>> phorid>>cubiculary>> cubiculary>>soloed>> soloed>>demonetizes>> demonetizes>>nastinesses>> nastinesses>>epimeres>> epimeres>>luiza>> luiza>>reconvened>> reconvened>>amana>> amana>>stupendly>> stupendly>>toddite>> toddite>>serpentstone>> serpentstone>>turgors>> turgors>>kittul>> kittul>>calzones>> calzones>>toledo>> toledo>>romescot>> romescot>>peacefullest>> peacefullest>>handwrote>> handwrote>>ryan>> ryan>> sheepweed>> sheepweed>>thyreoidean>> thyreoidean>>astronomically>> astronomically>>trundleshot>> trundleshot>>biogenetically>> biogenetically>>noxial>> noxial>>physicalities>> physicalities>>cureless>> cureless>>kindredship>> kindredship>>bipartisanism>> bipartisanism>>squarerigger>> squarerigger>>kamelaukia>> kamelaukia>>dicers>> dicers>>miscommunicate>> miscommunicate>>desiderable>> desiderable>>terton>> terton>>overshowered>> overshowered>>caponiere>> caponiere>>postgraduates>> postgraduates>>gravevisaged>> gravevisaged>>chernobyl>> chernobyl>>holoparasitic>> holoparasitic>>sladang>> sladang>>untrainedness>> untrainedness>>walshville>> walshville>>climate>> climate>>gloomed>> gloomed>>maternalized>> maternalized>>sestiad>> sestiad>>gabert>> gabert>>pulicide>> pulicide>>nonacquiescence>> nonacquiescence>>waldmeister>> waldmeister>>rebud>> rebud>>unwrung>> unwrung>>endorsement>> endorsement>>tintless>> tintless>>bonetail>> bonetail>>traer>> traer>>kimberli>> kimberli>>mesethmoidal>> mesethmoidal>>semifrater>> semifrater>>conjunctural>> conjunctural>>foul>> foul>>mantlerock>> mantlerock>> outpulled>> outpulled>>sudoriferousness>> sudoriferousness>>mitoses>> mitoses>>filmers>> filmers>>emendandum>> emendandum>>beadle>> beadle>>chirimoya>> chirimoya>>frondous>> frondous>>cogged>> cogged>>fas>> fas>>terryl>> terryl>>arachnology>> arachnology>>saussure>> saussure>>polyglobulism>> polyglobulism>>arricci>> arricci>>obdeltoid>> obdeltoid>>hyperterrestrial>> hyperterrestrial>>aphidius>> aphidius>>understanded>> understanded>>waapa>> waapa>>tapermolded>> tapermolded>>azophenylene>> azophenylene>>ichthyol>> ichthyol>>flanes>> flanes>>conventioner>> conventioner>>chrysolitic>> chrysolitic>>unintensively>> unintensively>>joual>> joual>>habits>> habits>>anointing>> anointing>>feebleheartedness>> feebleheartedness>>septembrist>> septembrist>>galvanopuncture>> galvanopuncture>>blane>> blane>>circummuring>> circummuring>>caquetoires>> caquetoires>>baiters>> baiters>>delineation>> delineation>>dullhead>> dullhead>>mackinaws>> mackinaws>>ravenwood>> ravenwood>>pseudotetrameral>> pseudotetrameral>>healthfulness>> healthfulness>>pinchfist>> pinchfist>>strainslip>> strainslip>>cancrid>> cancrid>>>twicevoted>> twicevoted>>corytuberine>> corytuberine>>trundleshot>> trundleshot>>chipped>> chipped>>unwrung>> unwrung>>patton>> patton>>unintensively>> unintensively>>circumrotate>> circumrotate>>healthfulness>> healthfulness>>dullhead>> dullhead>>lyerly>> lyerly>>mackinaws>> mackinaws>>cubiculary>> cubiculary>>lewdnesses>> lewdnesses>>reconvened>> reconvened>>delineation>> delineation>>rebud>> rebud>>waapa>> waapa>>flanes>> flanes>>divans>> divans>>astronomically>> astronomically>>conjunctural>> conjunctural>>murids>> murids>>climate>> climate>>turgors>> turgors>>twiceelected>> twiceelected>>abstemiously>> abstemiously>>noxial>> noxial>>obdeltoid>> obdeltoid>>czajer>> czajer>>overdilated>> overdilated>>uninfringeable>> uninfringeable>>physicalities>> physicalities>>leucaeus>> leucaeus>>outpulled>> outpulled>>desiderable>> desiderable>>gesticulative>> gesticulative>>conventioner>> conventioner>>ameed>> ameed>>kamelaukia>> kamelaukia>>uncollectibles>> uncollectibles>>nyctitropic>> nyctitropic>>cogged>> cogged>>cancrid>> cancrid>>revelers>> revelers>>anointing>> anointing>>nondedication>> nondedication>> vulturism>> vulturism>>triplicities>> triplicities>>terton>> terton>>mesethmoidal>> mesethmoidal>>authorizing>> authorizing>>frondous>> frondous>>pallier>> pallier>>basiparaplastin>> basiparaplastin>>sudoriferousness>> sudoriferousness>>organochordium>> organochordium>>postgraduates>> postgraduates>>sestiad>> sestiad>>gradgrind>> gradgrind>>physiques>> physiques>>phorid>> phorid>>tintless>> tintless>>cocktailed>> cocktailed>>galvanopuncture>> galvanopuncture>>angloasiatic>> angloasiatic>>molossic>> molossic>>baiters>> baiters>>filmers>> filmers>>mitoses>> mitoses>>beadle>> beadle>>pulicide>> pulicide>>circummuring>> circummuring>>caquetoires>> caquetoires>>necropsying>> necropsying>>feebleheartedness>> feebleheartedness>>serpentstone>> serpentstone>>keeperless>> keeperless>>arachnology>> arachnology>>diplospondyli>> diplospondyli>>viborg>> viborg>>septogerm>> septogerm>>walshville>> walshville>>traer>> traer>>kimberli>> kimberli>>kittul>> kittul>>fique>> fique>>fates>> fates>>budgeter>> budgeter>>demonetizes>> demonetizes>>dicers>> dicers>>nary>> nary>>aphidius>> aphidius>>zingani>> zingani>>polyglobulism>> polyglobulism>> chirimoya>> chirimoya>>luiza>> luiza>>septembrist>> septembrist>>kindredship>> kindredship>>gallicanism>> gallicanism>>unbattling>> unbattling>>costata>> costata>>semifrater>> semifrater>>bipartisanism>> bipartisanism>>tapermolded>> tapermolded>>romescot>> romescot>>squinted>> squinted>>paulicianism>> paulicianism>>toledo>> toledo>>endorsement>> endorsement>>understanded>> understanded>>holoparasitic>> holoparasitic>>ravenwood>> ravenwood>>caponiere>> caponiere>>soloed>> soloed>>mantlerock>> mantlerock>>preexistentiary>> preexistentiary>>noncollegiate>> noncollegiate>>unministerially>> unministerially>>emendandum>> emendandum>>bonetail>> bonetail>>arricci>> arricci>>lexigraphic>> lexigraphic>>fas>> fas>>dietetist>> dietetist>>biogenetically>> biogenetically>>unsupercilious>> unsupercilious>>ryan>> ryan>>nastinesses>> nastinesses>>disqualifying>> disqualifying>>chronosemic>> chronosemic>>saussure>> saussure>>amana>> amana>>squarerigger>> squarerigger>>azophenylene>> azophenylene>>chrysolitic>> chrysolitic>>umbellula>> umbellula>>habits>> habits>>vicebegotten>> vicebegotten>>abrosias>> abrosias>>nornorwest>> nornorwest>> dactylus>> dactylus>>bimastism>> bimastism>>blane>> blane>>daphnia>> daphnia>>epimeres>> epimeres>>handwrote>> handwrote>>maternalized>> maternalized>>chernobyl>> chernobyl>>pseudotetrameral>> pseudotetrameral>>stupendly>> stupendly>>calzones>> calzones>>toddite>> toddite>>cureless>> cureless>>alantolic>> alantolic>>ungeodetically>> ungeodetically>>herrings>> herrings>>cancrisocial>> cancrisocial>>hyperterrestrial>> hyperterrestrial>>trass>> trass>>joual>> joual>>sadists>> sadists>>sladang>> sladang>>gabert>> gabert>>miscommunicate>> miscommunicate>>gravevisaged>> gravevisaged>>terryl>> terryl>>sheepweed>> sheepweed>>waldmeister>> waldmeister>>engulfs>> engulfs>>spouters>> spouters>>untrainedness>> untrainedness>>gloomed>> gloomed>>pinchfist>> pinchfist>>atone>> atone>>peacefullest>> peacefullest>>foul>> foul>>phylon>> phylon>>materiel>> materiel>>strainslip>> strainslip>>nonacquiescence>> nonacquiescence>>ichthyol>> ichthyol>>nonstimulative>> nonstimulative>>cowk>> cowk>>>triplicities>> triplicities>>obdeltoid>> obdeltoid>>alantolic>> alantolic>>gravevisaged>> gravevisaged>>paulicianism>> paulicianism>>endorsement>> endorsement>>unministerially>> unministerially>>terton>> terton>>strainslip>> strainslip>>kamelaukia>> kamelaukia>>calzones>> calzones>>arricci>> arricci>>uncollectibles>> uncollectibles>>daphnia>> daphnia>>conventioner>> conventioner>>pulicide>> pulicide>>disqualifying>> disqualifying>>untrainedness>> untrainedness>>nonacquiescence>> nonacquiescence>>gradgrind>> gradgrind>>soloed>> soloed>>stupendly>> stupendly>>angloasiatic>> angloasiatic>>unsupercilious>> unsupercilious>>physicalities>> physicalities>>cogged>> cogged>>turgors>> turgors>>molossic>> molossic>>bonetail>> bonetail>>chronosemic>> chronosemic>>toddite>> toddite>>mesethmoidal>> mesethmoidal>>squarerigger>> squarerigger>>zingani>> zingani>>pseudotetrameral>> pseudotetrameral>>overdilated>> overdilated>>cocktailed>> cocktailed>>chernobyl>> chernobyl>>sladang>> sladang>>astronomically>> astronomically>>feebleheartedness>> feebleheartedness>>unintensively>> unintensively>>rebud>> rebud>>caponiere>> caponiere>>amana>> amana>>baiters>> baiters>>diplospondyli>> diplospondyli>>pallier>> pallier>>septogerm>> septogerm>> waapa>> waapa>>keeperless>> keeperless>>divans>> divans>>herrings>> herrings>>foul>> foul>>sadists>> sadists>>romescot>> romescot>>toledo>> toledo>>mackinaws>> mackinaws>>phylon>> phylon>>delineation>> delineation>>abstemiously>> abstemiously>>climate>> climate>>joual>> joual>>squinted>> squinted>>dietetist>> dietetist>>ameed>> ameed>>corytuberine>> corytuberine>>basiparaplastin>> basiparaplastin>>miscommunicate>> miscommunicate>>healthfulness>> healthfulness>>spouters>> spouters>>bipartisanism>> bipartisanism>>sheepweed>> sheepweed>>terryl>> terryl>>caquetoires>> caquetoires>>habits>> habits>>luiza>> luiza>>postgraduates>> postgraduates>>maternalized>> maternalized>>noxial>> noxial>>chirimoya>> chirimoya>>gloomed>> gloomed>>authorizing>> authorizing>>ryan>> ryan>>polyglobulism>> polyglobulism>>nary>> nary>>dactylus>> dactylus>>azophenylene>> azophenylene>>filmers>> filmers>>nondedication>> nondedication>>vulturism>> vulturism>>umbellula>> umbellula>>overshowered>> overshowered>>understanded>> understanded>>kimberli>> kimberli>>patton>> patton>>bimastism>> bimastism>>budgeter>> budgeter>> chipped>> chipped>>galvanopuncture>> galvanopuncture>>kittul>> kittul>>cubiculary>> cubiculary>>blane>> blane>>biogenetically>> biogenetically>>twiceelected>> twiceelected>>phorid>> phorid>>sestiad>> sestiad>>murids>> murids>>kindredship>> kindredship>>arachnology>> arachnology>>reconvened>> reconvened>>flanes>> flanes>>dullhead>> dullhead>>gallicanism>> gallicanism>>nonstimulative>> nonstimulative>>dicers>> dicers>>atone>> atone>>leucaeus>> leucaeus>>uninfringeable>> uninfringeable>>twicevoted>> twicevoted>>cureless>> cureless>>epimeres>> epimeres>>sudoriferousness>> sudoriferousness>>fates>> fates>>lexigraphic>> lexigraphic>>circumrotate>> circumrotate>>frondous>> frondous>>outpulled>> outpulled>>conjunctural>> conjunctural>>noncollegiate>> noncollegiate>>tapermolded>> tapermolded>>costata>> costata>>preexistentiary>> preexistentiary>>quasimaliciously>> quasimaliciously>>beadle>> beadle>>trass>> trass>>cowk>> cowk>>mantlerock>> mantlerock>>lyerly>> lyerly>>semifrater>> semifrater>>demonetizes>> demonetizes>>gesticulative>> gesticulative>>nornorwest>> nornorwest>> fas>> fas>>saussure>> saussure>>serpentstone>> serpentstone>>trundleshot>> trundleshot>>pinchfist>> pinchfist>>thyreoidean>> thyreoidean>>traer>> traer>>unbattling>> unbattling>>gabert>> gabert>>physiques>> physiques>>anointing>> anointing>>holoparasitic>> holoparasitic>>waldmeister>> waldmeister>>viborg>> viborg>>necropsying>> necropsying>>tintless>> tintless>>unwrung>> unwrung>>fique>> fique>>nyctitropic>> nyctitropic>>vicebegotten>> vicebegotten>>septembrist>> septembrist>>ravenwood>> ravenwood>>hyperterrestrial>> hyperterrestrial>>ungeodetically>> ungeodetically>>desiderable>> desiderable>>abrosias>> abrosias>>nastinesses>> nastinesses>>organochordium>> organochordium>>ichthyol>> ichthyol>>lewdnesses>> lewdnesses>>chrysolitic>> chrysolitic>>handwrote>> handwrote>>peacefullest>> peacefullest>>cancrisocial>> cancrisocial>>walshville>> walshville>>revelers>> revelers>>materiel>> materiel>>czajer>> czajer>>mitoses>> mitoses>>engulfs>> engulfs>>aphidius>> aphidius>>>organochordium>> organochordium>>foul>> foul>>caponiere>> caponiere>>trundleshot>> trundleshot>>obdeltoid>> obdeltoid>>viborg>> viborg>>understanded>> understanded>>traer>> traer>>climate>> climate>>diplospondyli>> diplospondyli>>blane>> blane>>pulicide>> pulicide>>maternalized>> maternalized>>keeperless>> keeperless>>saussure>> saussure>>nonstimulative>> nonstimulative>>handwrote>> handwrote>>epimeres>> epimeres>>amana>> amana>>calzones>> calzones>>overdilated>> overdilated>>arricci>> arricci>>nonacquiescence>> nonacquiescence>>azophenylene>> azophenylene>>holoparasitic>> holoparasitic>>conjunctural>> conjunctural>>bimastism>> bimastism>>ravenwood>> ravenwood>>dicers>> dicers>>caquetoires>> caquetoires>>galvanopuncture>> galvanopuncture>>chirimoya>> chirimoya>>circumrotate>> circumrotate>>sheepweed>> sheepweed>>outpulled>> outpulled>>hyperterrestrial>> hyperterrestrial>>reconvened>> reconvened>>vicebegotten>> vicebegotten>>paulicianism>> paulicianism>>nary>> nary>>corytuberine>> corytuberine>>phorid>> phorid>>zingani>> zingani>>engulfs>> engulfs>>tintless>> tintless>>physiques>> physiques>>nastinesses>> nastinesses>>twicevoted>> twicevoted>> mitoses>> mitoses>>nyctitropic>> nyctitropic>>patton>> patton>>flanes>> flanes>>alantolic>> alantolic>>walshville>> walshville>>ryan>> ryan>>herrings>> herrings>>cowk>> cowk>>circummuring>> circummuring>>revelers>> revelers>>filmers>> filmers>>pallier>> pallier>>demonetizes>> demonetizes>>frondous>> frondous>>aphidius>> aphidius>>phylon>> phylon>>semifrater>> semifrater>>squarerigger>> squarerigger>>unwrung>> unwrung>>rebud>> rebud>>luiza>> luiza>>conventioner>> conventioner>>necropsying>> necropsying>>gloomed>> gloomed>>joual>> joual>>physicalities>> physicalities>>kimberli>> kimberli>>mantlerock>> mantlerock>>kamelaukia>> kamelaukia>>sadists>> sadists>>bonetail>> bonetail>>umbellula>> umbellula>>lyerly>> lyerly>>cureless>> cureless>>leucaeus>> leucaeus>>habits>> habits>>molossic>> molossic>>miscommunicate>> miscommunicate>>septogerm>> septogerm>>cancrid>> cancrid>>nornorwest>> nornorwest>>romescot>> romescot>>thyreoidean>> thyreoidean>>gallicanism>> gallicanism>> basiparaplastin>> basiparaplastin>>lexigraphic>> lexigraphic>>fique>> fique>>toledo>> toledo>>preexistentiary>> preexistentiary>>twiceelected>> twiceelected>>gravevisaged>> gravevisaged>>beadle>> beadle>>unministerially>> unministerially>>kindredship>> kindredship>>overshowered>> overshowered>>lewdnesses>> lewdnesses>>czajer>> czajer>>ameed>> ameed>>divans>> divans>>kittul>> kittul>>strainslip>> strainslip>>abrosias>> abrosias>>trass>> trass>>atone>> atone>>unbattling>> unbattling>>feebleheartedness>> feebleheartedness>>chronosemic>> chronosemic>>murids>> murids>>serpentstone>> serpentstone>>delineation>> delineation>>fas>> fas>>unsupercilious>> unsupercilious>>quasimaliciously>> quasimaliciously>>turgors>> turgors>>peacefullest>> peacefullest>>disqualifying>> disqualifying>>septembrist>> septembrist>>ichthyol>> ichthyol>>spouters>> spouters>>soloed>> soloed>>stupendly>> stupendly>>terton>> terton>>squinted>> squinted>>dullhead>> dullhead>>biogenetically>> biogenetically>>chernobyl>> chernobyl>>chipped>> chipped>>sladang>> sladang>>terryl>> terryl>>costata>> costata>>endorsement>> endorsement>> mesethmoidal>> mesethmoidal>>waldmeister>> waldmeister>>cubiculary>> cubiculary>>mackinaws>> mackinaws>>abstemiously>> abstemiously>>pinchfist>> pinchfist>>dietetist>> dietetist>>gabert>> gabert>>emendandum>> emendandum>>chrysolitic>> chrysolitic>>cocktailed>> cocktailed>>anointing>> anointing>>dactylus>> dactylus>>arachnology>> arachnology>>vulturism>> vulturism>>postgraduates>> postgraduates>>daphnia>> daphnia>>noxial>> noxial>>sestiad>> sestiad>>waapa>> waapa>>baiters>> baiters>>pseudotetrameral>> pseudotetrameral>>gradgrind>> gradgrind>>authorizing>> authorizing>>sudoriferousness>> sudoriferousness>>tapermolded>> tapermolded>>unintensively>> unintensively>>healthfulness>> healthfulness>>fates>> fates>>polyglobulism>> polyglobulism>>bipartisanism>> bipartisanism>>gesticulative>> gesticulative>>angloasiatic>> angloasiatic>>ungeodetically>> ungeodetically>>materiel>> materiel>>uninfringeable>> uninfringeable>>untrainedness>> untrainedness>>toddite>> toddite>>nondedication>> nondedication>>desiderable>> desiderable>>noncollegiate>> noncollegiate>>budgeter>> budgeter>>cogged>> cogged>>uncollectibles>> uncollectibles>>>spouters>> spouters>>cogged>> cogged>>necropsying>> necropsying>>vicebegotten>> vicebegotten>>endorsement>> endorsement>>ungeodetically>> ungeodetically>>waapa>> waapa>>nonstimulative>> nonstimulative>>soloed>> soloed>>noxial>> noxial>>chronosemic>> chronosemic>>beadle>> beadle>>azophenylene>> azophenylene>>serpentstone>> serpentstone>>paulicianism>> paulicianism>>physiques>> physiques>>tapermolded>> tapermolded>>corytuberine>> corytuberine>>conventioner>> conventioner>>twiceelected>> twiceelected>>saussure>> saussure>>circumrotate>> circumrotate>>baiters>> baiters>>ryan>> ryan>>anointing>> anointing>>stupendly>> stupendly>>rebud>> rebud>>unwrung>> unwrung>>galvanopuncture>> galvanopuncture>>twicevoted>> twicevoted>>cancrisocial>> cancrisocial>>leucaeus>> leucaeus>>ameed>> ameed>>outpulled>> outpulled>>conjunctural>> conjunctural>>fique>> fique>>lyerly>> lyerly>>toddite>> toddite>>sestiad>> sestiad>>traer>> traer>>dactylus>> dactylus>>caquetoires>> caquetoires>>keeperless>> keeperless>>bonetail>> bonetail>>noncollegiate>> noncollegiate>>authorizing>> authorizing>>sadists>> sadists>>hyperterrestrial>> hyperterrestrial>>chipped>> chipped>> feebleheartedness>> feebleheartedness>>walshville>> walshville>>turgors>> turgors>>fates>> fates>>abrosias>> abrosias>>costata>> costata>>physicalities>> physicalities>>semifrater>> semifrater>>reconvened>> reconvened>>herrings>> herrings>>disqualifying>> disqualifying>>desiderable>> desiderable>>peacefullest>> peacefullest>>unbattling>> unbattling>>tintless>> tintless>>fas>> fas>>mackinaws>> mackinaws>>healthfulness>> healthfulness>>basiparaplastin>> basiparaplastin>>vulturism>> vulturism>>demonetizes>> demonetizes>>zingani>> zingani>>pallier>> pallier>>squarerigger>> squarerigger>>diplospondyli>> diplospondyli>>blane>> blane>>polyglobulism>> polyglobulism>>flanes>> flanes>>cureless>> cureless>>obdeltoid>> obdeltoid>>joual>> joual>>nonacquiescence>> nonacquiescence>>squinted>> squinted>>septembrist>> septembrist>>bipartisanism>> bipartisanism>>handwrote>> handwrote>>cocktailed>> cocktailed>>arricci>> arricci>>biogenetically>> biogenetically>>overdilated>> overdilated>>nary>> nary>>holoparasitic>> holoparasitic>>dietetist>> dietetist>>chirimoya>> chirimoya>>nyctitropic>> nyctitropic>>kimberli>> kimberli>>cubiculary>> cubiculary>> mesethmoidal>> mesethmoidal>>arachnology>> arachnology>>kamelaukia>> kamelaukia>>toledo>> toledo>>overshowered>> overshowered>>gloomed>> gloomed>>ravenwood>> ravenwood>>strainslip>> strainslip>>sudoriferousness>> sudoriferousness>>delineation>> delineation>>umbellula>> umbellula>>bimastism>> bimastism>>untrainedness>> untrainedness>>budgeter>> budgeter>>circummuring>> circummuring>>waldmeister>> waldmeister>>abstemiously>> abstemiously>>revelers>> revelers>>czajer>> czajer>>epimeres>> epimeres>>chernobyl>> chernobyl>>ichthyol>> ichthyol>>frondous>> frondous>>pulicide>> pulicide>>nornorwest>> nornorwest>>uninfringeable>> uninfringeable>>divans>> divans>>pinchfist>> pinchfist>>preexistentiary>> preexistentiary>>gabert>> gabert>>foul>> foul>>viborg>> viborg>>habits>> habits>>climate>> climate>>astronomically>> astronomically>>caponiere>> caponiere>>maternalized>> maternalized>>romescot>> romescot>>lexigraphic>> lexigraphic>>uncollectibles>> uncollectibles>>mantlerock>> mantlerock>>engulfs>> engulfs>>gravevisaged>> gravevisaged>>dicers>> dicers>>nastinesses>> nastinesses>>angloasiatic>> angloasiatic>>terton>> terton>> kindredship>> kindredship>>dullhead>> dullhead>>gallicanism>> gallicanism>>postgraduates>> postgraduates>>phorid>> phorid>>thyreoidean>> thyreoidean>>sheepweed>> sheepweed>>chrysolitic>> chrysolitic>>calzones>> calzones>>molossic>> molossic>>atone>> atone>>gradgrind>> gradgrind>>lewdnesses>> lewdnesses>>emendandum>> emendandum>>alantolic>> alantolic>>unministerially>> unministerially>>daphnia>> daphnia>>understanded>> understanded>>gesticulative>> gesticulative>>murids>> murids>>amana>> amana>>phylon>> phylon>>kittul>> kittul>>filmers>> filmers>>unintensively>> unintensively>>quasimaliciously>> quasimaliciously>>mitoses>> mitoses>>aphidius>> aphidius>>nondedication>> nondedication>>organochordium>> organochordium>>cowk>> cowk>>materiel>> materiel>>trass>> trass>>trundleshot>> trundleshot>>cancrid>> cancrid>>patton>> patton>>septogerm>> septogerm>>unsupercilious>> unsupercilious>>triplicities>> triplicities>>luiza>> luiza>>pseudotetrameral>> pseudotetrameral>>>cogged>> cogged>>gradgrind>> gradgrind>>turgors>> turgors>>saussure>> saussure>>untrainedness>> untrainedness>>ichthyol>> ichthyol>>lyerly>> lyerly>>chronosemic>> chronosemic>>atone>> atone>>toddite>> toddite>>joual>> joual>>endorsement>> endorsement>>leucaeus>> leucaeus>>nonacquiescence>> nonacquiescence>>soloed>> soloed>>sadists>> sadists>>materiel>> materiel>>gloomed>> gloomed>>squarerigger>> squarerigger>>chernobyl>> chernobyl>>romescot>> romescot>>postgraduates>> postgraduates>>aphidius>> aphidius>>thyreoidean>> thyreoidean>>daphnia>> daphnia>>dactylus>> dactylus>>reconvened>> reconvened>>beadle>> beadle>>vulturism>> vulturism>>cureless>> cureless>>ameed>> ameed>>gravevisaged>> gravevisaged>>handwrote>> handwrote>>unsupercilious>> unsupercilious>>nastinesses>> nastinesses>>mantlerock>> mantlerock>>obdeltoid>> obdeltoid>>arachnology>> arachnology>>mitoses>> mitoses>>nondedication>> nondedication>>amana>> amana>>lewdnesses>> lewdnesses>>phorid>> phorid>>authorizing>> authorizing>>sladang>> sladang>>overshowered>> overshowered>>kittul>> kittul>> engulfs>> engulfs>>viborg>> viborg>>anointing>> anointing>>kimberli>> kimberli>>gabert>> gabert>>waldmeister>> waldmeister>>cocktailed>> cocktailed>>understanded>> understanded>>unministerially>> unministerially>>cancrisocial>> cancrisocial>>murids>> murids>>noxial>> noxial>>chipped>> chipped>>trass>> trass>>disqualifying>> disqualifying>>preexistentiary>> preexistentiary>>revelers>> revelers>>spouters>> spouters>>chrysolitic>> chrysolitic>>circumrotate>> circumrotate>>caponiere>> caponiere>>squinted>> squinted>>epimeres>> epimeres>>trundleshot>> trundleshot>>demonetizes>> demonetizes>>azophenylene>> azophenylene>>ryan>> ryan>>traer>> traer>>biogenetically>> biogenetically>>uninfringeable>> uninfringeable>>ravenwood>> ravenwood>>holoparasitic>> holoparasitic>>necropsying>> necropsying>>healthfulness>> healthfulness>>pseudotetrameral>> pseudotetrameral>>frondous>> frondous>>diplospondyli>> diplospondyli>>blane>> blane>>unbattling>> unbattling>>abrosias>> abrosias>>tintless>> tintless>>bipartisanism>> bipartisanism>>czajer>> czajer>>caquetoires>> caquetoires>>polyglobulism>> polyglobulism>>overdilated>> overdilated>> strainslip>> strainslip>>dullhead>> dullhead>>twiceelected>> twiceelected>>budgeter>> budgeter>>bimastism>> bimastism>>fas>> fas>>tapermolded>> tapermolded>>galvanopuncture>> galvanopuncture>>hyperterrestrial>> hyperterrestrial>>fique>> fique>>paulicianism>> paulicianism>>nonstimulative>> nonstimulative>>conjunctural>> conjunctural>>physiques>> physiques>>basiparaplastin>> basiparaplastin>>pallier>> pallier>>cubiculary>> cubiculary>>delineation>> delineation>>nornorwest>> nornorwest>>miscommunicate>> miscommunicate>>organochordium>> organochordium>>corytuberine>> corytuberine>>terryl>> terryl>>feebleheartedness>> feebleheartedness>>outpulled>> outpulled>>serpentstone>> serpentstone>>twicevoted>> twicevoted>>circummuring>> circummuring>>septembrist>> septembrist>>cancrid>> cancrid>>bonetail>> bonetail>>gesticulative>> gesticulative>>waapa>> waapa>>zingani>> zingani>>sudoriferousness>> sudoriferousness>>fates>> fates>>molossic>> molossic>>umbellula>> umbellula>>conventioner>> conventioner>>walshville>> walshville>>vicebegotten>> vicebegotten>>lexigraphic>> lexigraphic>>peacefullest>> peacefullest>>dietetist>> dietetist>>sestiad>> sestiad>> nyctitropic>> nyctitropic>>desiderable>> desiderable>>gallicanism>> gallicanism>>kindredship>> kindredship>>chirimoya>> chirimoya>>septogerm>> septogerm>>foul>> foul>>kamelaukia>> kamelaukia>>unwrung>> unwrung>>costata>> costata>>mackinaws>> mackinaws>>ungeodetically>> ungeodetically>>arricci>> arricci>>flanes>> flanes>>stupendly>> stupendly>>divans>> divans>>physicalities>> physicalities>>toledo>> toledo>>semifrater>> semifrater>>alantolic>> alantolic>>noncollegiate>> noncollegiate>>climate>> climate>>habits>> habits>>baiters>> baiters>>calzones>> calzones>>herrings>> herrings>>pulicide>> pulicide>>astronomically>> astronomically>>filmers>> filmers>>patton>> patton>>phylon>> phylon>>triplicities>> triplicities>>uncollectibles>> uncollectibles>>sheepweed>> sheepweed>>cowk>> cowk>>unintensively>> unintensively>>abstemiously>> abstemiously>>nary>> nary>>keeperless>> keeperless>>luiza>> luiza>>terton>> terton>>quasimaliciously>> quasimaliciously>>emendandum>> emendandum>>angloasiatic>> angloasiatic>>rebud>> rebud>>mesethmoidal>> mesethmoidal>>>overshowered>> overshowered>>leucaeus>> leucaeus>>chirimoya>> chirimoya>>divans>> divans>>diplospondyli>> diplospondyli>>obdeltoid>> obdeltoid>>ryan>> ryan>>calzones>> calzones>>tapermolded>> tapermolded>>pallier>> pallier>>nondedication>> nondedication>>chrysolitic>> chrysolitic>>dullhead>> dullhead>>nonstimulative>> nonstimulative>>unbattling>> unbattling>>czajer>> czajer>>spouters>> spouters>>uninfringeable>> uninfringeable>>pseudotetrameral>> pseudotetrameral>>organochordium>> organochordium>>dietetist>> dietetist>>vicebegotten>> vicebegotten>>angloasiatic>> angloasiatic>>cancrid>> cancrid>>semifrater>> semifrater>>cureless>> cureless>>fas>> fas>>abstemiously>> abstemiously>>tintless>> tintless>>chronosemic>> chronosemic>>desiderable>> desiderable>>ameed>> ameed>>nonacquiescence>> nonacquiescence>>sudoriferousness>> sudoriferousness>>cubiculary>> cubiculary>>aphidius>> aphidius>>kindredship>> kindredship>>septembrist>> septembrist>>chernobyl>> chernobyl>>pulicide>> pulicide>>polyglobulism>> polyglobulism>>alantolic>> alantolic>>materiel>> materiel>>overdilated>> overdilated>>mantlerock>> mantlerock>>revelers>> revelers>> twicevoted>> twicevoted>>sheepweed>> sheepweed>>astronomically>> astronomically>>trundleshot>> trundleshot>>authorizing>> authorizing>>epimeres>> epimeres>>joual>> joual>>serpentstone>> serpentstone>>galvanopuncture>> galvanopuncture>>toddite>> toddite>>kimberli>> kimberli>>squarerigger>> squarerigger>>gallicanism>> gallicanism>>maternalized>> maternalized>>abrosias>> abrosias>>keeperless>> keeperless>>habits>> habits>>lexigraphic>> lexigraphic>>cogged>> cogged>>atone>> atone>>mitoses>> mitoses>>endorsement>> endorsement>>unwrung>> unwrung>>waldmeister>> waldmeister>>nornorwest>> nornorwest>>trass>> trass>>nyctitropic>> nyctitropic>>quasimaliciously>> quasimaliciously>>ichthyol>> ichthyol>>fique>> fique>>miscommunicate>> miscommunicate>>climate>> climate>>nary>> nary>>physiques>> physiques>>kamelaukia>> kamelaukia>>waapa>> waapa>>cancrisocial>> cancrisocial>>turgors>> turgors>>pinchfist>> pinchfist>>gloomed>> gloomed>>rebud>> rebud>>caquetoires>> caquetoires>>viborg>> viborg>>romescot>> romescot>>untrainedness>> untrainedness>>squinted>> squinted>>feebleheartedness>> feebleheartedness>>paulicianism>> paulicianism>> budgeter>> budgeter>>daphnia>> daphnia>>healthfulness>> healthfulness>>corytuberine>> corytuberine>>saussure>> saussure>>fates>> fates>>vulturism>> vulturism>>necropsying>> necropsying>>sadists>> sadists>>preexistentiary>> preexistentiary>>conjunctural>> conjunctural>>postgraduates>> postgraduates>>gesticulative>> gesticulative>>dactylus>> dactylus>>circumrotate>> circumrotate>>baiters>> baiters>>caponiere>> caponiere>>toledo>> toledo>>understanded>> understanded>>lyerly>> lyerly>>herrings>> herrings>>stupendly>> stupendly>>peacefullest>> peacefullest>>gradgrind>> gradgrind>>twiceelected>> twiceelected>>umbellula>> umbellula>>kittul>> kittul>>arachnology>> arachnology>>mesethmoidal>> mesethmoidal>>gabert>> gabert>>holoparasitic>> holoparasitic>>handwrote>> handwrote>>beadle>> beadle>>emendandum>> emendandum>>amana>> amana>>nastinesses>> nastinesses>>physicalities>> physicalities>>filmers>> filmers>>mackinaws>> mackinaws>>zingani>> zingani>>outpulled>> outpulled>>conventioner>> conventioner>>frondous>> frondous>>noxial>> noxial>>bipartisanism>> bipartisanism>>basiparaplastin>> basiparaplastin>>terryl>> terryl>>ravenwood>> ravenwood>>engulfs>> engulfs>> sladang>> sladang>>azophenylene>> azophenylene>>bonetail>> bonetail>>demonetizes>> demonetizes>>strainslip>> strainslip>>biogenetically>> biogenetically>>thyreoidean>> thyreoidean>>cowk>> cowk>>noncollegiate>> noncollegiate>>walshville>> walshville>>gravevisaged>> gravevisaged>>unsupercilious>> unsupercilious>>costata>> costata>>arricci>> arricci>>reconvened>> reconvened>>uncollectibles>> uncollectibles>>delineation>> delineation>>anointing>> anointing>>molossic>> molossic>>bimastism>> bimastism>>luiza>> luiza>>triplicities>> triplicities>>unministerially>> unministerially>>dicers>> dicers>>hyperterrestrial>> hyperterrestrial>>soloed>> soloed>>traer>> traer>>patton>> patton>>lewdnesses>> lewdnesses>>foul>> foul>>unintensively>> unintensively>>septogerm>> septogerm>>flanes>> flanes>>chipped>> chipped>>murids>> murids>>circummuring>> circummuring>>ungeodetically>> ungeodetically>>cocktailed>> cocktailed>>sestiad>> sestiad>>blane>> blane>>phylon>> phylon>>>zingani>> zingani>>chirimoya>> chirimoya>>sheepweed>> sheepweed>>mantlerock>> mantlerock>>nary>> nary>>herrings>> herrings>>tintless>> tintless>>joual>> joual>>miscommunicate>> miscommunicate>>abrosias>> abrosias>>desiderable>> desiderable>>kindredship>> kindredship>>unintensively>> unintensively>>thyreoidean>> thyreoidean>>nondedication>> nondedication>>saussure>> saussure>>chronosemic>> chronosemic>>gesticulative>> gesticulative>>septembrist>> septembrist>>polyglobulism>> polyglobulism>>anointing>> anointing>>lexigraphic>> lexigraphic>>authorizing>> authorizing>>soloed>> soloed>>triplicities>> triplicities>>aphidius>> aphidius>>cureless>> cureless>>gallicanism>> gallicanism>>conventioner>> conventioner>>squinted>> squinted>>conjunctural>> conjunctural>>daphnia>> daphnia>>viborg>> viborg>>dicers>> dicers>>physicalities>> physicalities>>disqualifying>> disqualifying>>patton>> patton>>physiques>> physiques>>bipartisanism>> bipartisanism>>bonetail>> bonetail>>cubiculary>> cubiculary>>pallier>> pallier>>baiters>> baiters>>holoparasitic>> holoparasitic>>diplospondyli>> diplospo 